date,ticker,mentions,close,ret1d
2025-09-19,HIMS,3,58.330299377441406,3.79
2025-09-19,RZLV,1,6.831200122833252,-0.85
2025-09-19,PORT,2,,
2025-09-19,BINI,1,0.0500999987125396,0.2
2025-09-19,ATOM,1,3.749300003051758,2.72
2025-09-19,MAN,1,37.31999969482422,-1.97
2025-09-19,BTC,1,51.2599983215332,-1.5
2025-09-19,DEI,2,16.311199188232422,-0.48
2025-09-19,HIT,1,3.559999942779541,0.85
2025-09-19,LUNR,1,9.824999809265137,2.56
2025-09-19,DNUT,1,3.565000057220459,-2.06
2025-09-19,ATCH,2,0.9531000256538392,-18.54
2025-09-19,TACO,1,10.244999885559082,0.05
2025-09-19,DELL,1,132.94500732421875,0.63
2025-09-19,TDS,1,38.18999862670898,0.08
2025-09-19,ETH,1,42.040000915527344,-2.78
2025-09-19,EAT,1,134.4149932861328,-3.21
2025-09-19,SEE,1,34.220001220703125,-0.47
2025-09-19,AEHR,1,30.670000076293945,0.33
2025-09-19,SPY,25,663.6199951171875,0.21
2025-09-19,DIS,3,113.76000213623048,-0.96
2025-09-19,PPC,2,40.68999862670898,-1.69
2025-09-19,APP,2,649.5900268554688,4.52
2025-09-19,MSFT,13,517.9299926757812,1.86
2025-09-19,OKLO,76,135.22999572753906,28.83
2025-09-19,LULU,7,169.6199951171875,-0.08
2025-09-19,META,6,778.3800048828125,-0.24
2025-09-19,SOFI,3,29.51000022888184,4.98
2025-09-19,ORCL,14,308.6600036621094,4.06
2025-09-19,QQQ,8,599.3499755859375,0.68
2025-09-19,GOOGL,7,254.72000122070312,1.07
2025-09-19,AMD,68,157.38999938964844,-0.34
2025-09-19,AMZN,3,231.47999572753903,0.11
2025-09-19,MAG,1,,
2025-09-19,USA,5,6.53000020980835,0.62
2025-09-19,NVDA,27,176.6699981689453,0.24
2025-09-19,RDDT,20,264.4800109863281,-2.3
2025-09-19,WTF,4,6.769999980926514,0.74
2025-09-19,NVO,1,61.400001525878906,-0.73
2025-09-19,PSKY,2,18.920000076293945,5.82
2025-09-19,YOU,7,37.95000076293945,2.37
2025-09-19,NBIS,6,99.30999755859376,5.51
2025-09-19,HOOD,5,124.77999877929688,3.2
2025-09-19,SMR,6,46.77000045776367,22.69
2025-09-19,LDI,20,3.7200000286102295,-9.49
2025-09-19,SFIX,1,5.670000076293945,-0.7
2025-09-19,DJT,1,17.440000534057617,3.01
2025-09-19,BBAI,2,6.849999904632568,9.08
2025-09-19,PLTR,9,182.38999938964844,3.06
2025-09-19,TSLA,7,426.0700073242188,2.21
2025-09-19,HUM,1,252.6600036621093,-4.61
2025-09-19,AIRE,1,0.9930999875068665,-11.33
2025-09-19,PDD,1,129.47000122070312,-2.62
2025-09-19,NNE,2,46.310001373291016,21.2
2025-09-19,WMK,1,70.91999816894531,-1.65
2025-09-19,INTC,23,29.57999992370605,-3.24
2025-09-19,POET,2,5.159999847412109,-1.53
2025-09-19,AAPL,3,245.5,3.2
2025-09-19,GEV,1,624.1699829101562,2.16
2025-09-19,QUBT,3,23.270000457763672,26.81
2025-09-19,CRWV,5,124.86000061035156,2.86
2025-09-19,IONQ,3,70.41000366210938,5.39
2025-09-19,SNPS,1,495.5,3.21
2025-09-19,GLD,1,339.17999267578125,1.06
2025-09-19,SLV,1,39.040000915527344,2.76
2025-09-19,FOR,7,26.75,-1.22
2025-09-19,STC,1,75.27999877929688,-1.7
2025-09-19,CJET,5,0.2908999919891357,188.02
2025-09-19,BMNR,1,60.77000045776367,1.35
2025-09-19,REAL,2,10.890000343322754,1.68
2025-09-19,GOOG,8,255.2400054931641,1.15
2025-09-19,OPEN,36,9.56999969482422,-3.72
2025-09-19,MNY,1,1.820000052452088,-18.02
2025-09-19,WHEN,2,9.999999747378752e-05,-33.33
2025-09-19,CIFR,2,12.279999732971191,3.63
2025-09-19,GLXY,4,32.869998931884766,-0.63
2025-09-19,WULF,2,10.979999542236328,-1.7
2025-09-19,IREN,5,38.63999938964844,6.39
2025-09-19,EOSE,5,9.760000228881836,8.44
2025-09-19,LOT,3,2.0299999713897705,2.01
2025-09-19,UUUU,11,14.899999618530272,5.67
2025-09-19,AGO,1,83.62999725341797,0.72
2025-09-19,UURAF,2,3.220000028610229,19.26
2025-09-19,IRS,1,11.890000343322754,3.21
2025-09-19,REE,1,0.7437999844551086,1.89
2025-09-19,ACHR,8,9.859999656677246,6.59
2025-09-19,UAMY,1,6.380000114440918,8.32
2025-09-19,HOND,1,13.5,5.47
2025-09-19,GRAB,1,6.389999866485596,0.63
2025-09-19,DUOL,2,290.8999938964844,0.42
2025-09-19,SPOT,1,734.9199829101562,0.11
2025-09-19,NFLX,1,1226.969970703125,1.59
2025-09-19,ZION,1,58.70000076293945,-0.76
2025-09-19,RGTI,3,28.520000457763672,15.28
2025-09-19,SRPT,1,17.43000030517578,-5.89
2025-09-19,YAAS,1,0.0869999974966049,14.47
2025-09-19,ASIC,2,20.559999465942383,-2.84
2025-09-19,GPUS,1,0.5260000228881836,-2.59
2025-09-19,HBM,2,13.880000114440918,3.5
2025-09-19,MGX,2,2.049999952316284,-4.21
2025-09-19,PHD,1,9.954999923706056,0.05
2025-09-19,IMO,5,91.83000183105467,-2.27
2025-09-19,MSA,1,170.97000122070312,0.23
2025-09-19,VRT,1,143.60000610351562,1.16
2025-09-19,DOMH,2,6.489999771118164,2.53
2025-09-19,QNTM,1,18.8700008392334,-5.6
2025-09-19,DRS,1,41.43999862670898,-2.68
2025-09-19,DRSHF,1,2.190000057220459,1.39
2025-09-19,JOBY,7,16.579999923706055,13.33
2025-09-19,KTOS,1,80.7699966430664,0.15
2025-09-19,ARM,1,142.91000366210938,-2.48
2025-09-19,EDIT,1,2.8299999237060547,-5.67
2025-09-19,NEGG,1,55.0,18.2
2025-09-19,TSM,4,264.8699951171875,-1.4
2025-09-19,FLY,3,45.20000076293945,-0.04
2025-09-19,UEC,2,12.449999809265137,1.55
2025-09-19,ACN,2,239.6999969482422,0.06
2025-09-19,COST,3,951.1599731445312,-0.13
2025-09-19,CTAS,1,200.1300048828125,0.31
2025-09-19,BTU,1,22.71999931335449,4.27
2025-09-19,MU,2,162.72999572753906,-3.65
2025-09-19,PWR,1,388.5799865722656,-0.53
2025-09-19,EU,1,2.789999961853028,6.9
2025-09-19,PNW,1,86.5199966430664,0.76
2025-09-19,TTD,16,44.470001220703125,1.23
2025-09-19,CRDO,1,169.55999755859375,-1.6
2025-09-19,ENTG,1,93.31999969482422,-2.76
2025-09-19,MNDY,2,219.1499938964844,6.29
2025-09-19,KKR,1,148.9199981689453,-0.28
2025-09-19,SMCI,2,45.810001373291016,-0.28
2025-09-19,WYFI,4,26.299999237060547,12.35
2025-09-19,ARE,5,86.19000244140625,-1.44
2025-09-19,CME,1,261.5299987792969,0.36
2025-09-19,ICE,1,169.77000427246094,-0.79
2025-09-19,UNH,6,336.69000244140625,0.56
2025-09-19,ALL,5,206.0399932861328,0.18
2025-09-19,PANW,1,208.19000244140625,1.22
2025-09-19,BABA,3,162.80999755859375,0.2
2025-09-19,CVNA,2,391.8900146484375,3.63
2025-09-19,PLAB,1,24.940000534057617,-0.2
2025-09-19,ANY,4,0.6783000230789185,3.87
2025-09-19,JPM,1,314.7799987792969,0.49
2025-09-19,AXP,1,341.1199951171875,-0.16
2025-09-19,TLRY,2,1.2100000381469729,-3.97
2025-09-19,BIDU,1,135.35000610351562,0.07
2025-09-19,NIO,6,7.369999885559082,0.0
2025-09-19,EBON,2,5.059999942779541,7.43
2025-09-19,BAR,1,36.33000183105469,1.06
2025-09-19,LOW,1,265.20001220703125,-0.89
2025-09-19,RKLB,2,47.790000915527344,1.29
2025-09-19,NOW,3,961.1500244140624,1.41
2025-09-19,BULL,1,13.289999961853027,4.32
2025-09-19,HAS,1,74.1500015258789,-0.97
2025-09-19,NYT,1,58.40999984741211,-0.12
2025-09-19,BITF,3,3.119999885559082,-2.5
2025-09-19,SNAP,6,8.15999984741211,-3.32
2025-09-19,PUMP,1,4.849999904632568,-1.62
2025-09-19,ESLT,1,487.9700012207031,-0.54
2025-09-19,WOW,1,5.150000095367432,-1.34
2025-09-19,ASTS,12,45.09999847412109,8.83
2025-09-19,LEU,1,294.489990234375,12.12
2025-09-19,GAME,1,0.7246000170707703,-6.5
2025-09-19,SBUX,1,84.55999755859375,1.37
2025-09-19,FDX,1,231.75,2.32
2025-09-19,SOUL,1,10.079999923706056,0.1
2025-09-19,COIN,1,342.4599914550781,-0.2
2025-09-19,BRO,1,91.7300033569336,-0.15
2025-09-19,MOD,1,154.9499969482422,-2.28
2025-09-19,LINK,1,10.270000457763672,-0.68
2025-09-19,CCJ,1,86.18000030517578,4.32
2025-09-19,GAP,90,22.26000022888184,-3.3
2025-09-19,AEO,40,18.8700008392334,-4.31
2025-09-19,WAY,2,37.79999923706055,-2.02
2025-09-19,NOTE,2,4.389999866485596,-3.09
2025-09-19,GME,1,26.07999992370605,0.77
2025-09-19,CRSP,1,62.31999969482422,-0.99
2025-09-19,NYC,1,9.470000267028809,-6.61
2025-09-19,MASS,1,7.300000190734863,7.04
2025-09-19,API,1,3.849999904632568,-1.03
2025-09-19,AMC,1,3.009999990463257,5.99
2025-09-19,MSCI,1,559.75,0.68
2025-09-19,AVGO,1,344.94000244140625,-0.12
2025-09-19,ASML,5,932.1500244140624,0.47
2025-09-19,HODL,1,32.560001373291016,-1.99
2025-09-19,PLUG,1,2.180000066757202,3.81
2025-09-19,UPWK,1,20.06999969482422,2.4
2025-09-19,VTOL,4,37.09000015258789,-3.34
2025-09-19,TWO,1,9.899999618530272,-0.3
2025-09-19,EVTL,2,5.730000019073486,10.4
2025-09-19,HOVR,1,2.2300000190734863,9.85
2025-09-19,MSTR,1,344.75,-1.25
2025-09-19,APLD,1,20.479999542236328,2.86
2025-09-19,RBLX,1,135.17999267578125,-0.27
2025-09-19,UPS,1,84.05999755859375,-1.16
2025-09-19,UBS,1,42.290000915527344,1.83
2025-09-19,PACS,28,11.970000267028809,-0.25
2025-09-19,ENSG,7,164.2899932861328,-1.66
2025-09-19,CMS,2,70.12000274658203,-0.09
2025-09-19,COO,1,68.16999816894531,1.41
2025-09-20,TDOC,1,,
2025-09-20,UVXY,1,,
2025-09-20,CRWD,2,,
2025-09-20,SNPS,1,,
2025-09-20,OPEN,23,,
2025-09-20,NVDA,3,,
2025-09-20,IBKR,2,,
2025-09-20,FOR,4,,
2025-09-20,LOVE,2,,
2025-09-20,GAME,1,,
2025-09-20,NBIS,6,,
2025-09-20,SOFI,5,,
2025-09-20,AVGO,2,,
2025-09-20,AMD,4,,
2025-09-20,PAYX,1,,
2025-09-20,TTD,6,,
2025-09-20,UPST,1,,
2025-09-20,HAE,1,,
2025-09-20,TGT,1,,
2025-09-20,SMCI,3,,
2025-09-20,ATCH,1,,
2025-09-20,HBM,6,,
2025-09-20,UBS,2,,
2025-09-20,RSI,2,,
2025-09-20,IMO,3,,
2025-09-20,GPUS,2,,
2025-09-20,PLTR,6,,
2025-09-20,LUNR,3,,
2025-09-20,AMC,1,,
2025-09-20,SPY,15,,
2025-09-20,CRCL,2,,
2025-09-20,RGTI,3,,
2025-09-20,OKLO,28,,
2025-09-20,QQQ,4,,
2025-09-20,DELL,1,,
2025-09-20,ARE,3,,
2025-09-20,UHAL,1,,
2025-09-20,WBD,12,,
2025-09-20,NFLX,3,,
2025-09-20,PSKY,5,,
2025-09-20,AAPL,1,,
2025-09-20,RDDT,1,,
2025-09-20,ARM,1,,
2025-09-20,GOOG,3,,
2025-09-20,AMPX,1,,
2025-09-20,ABAT,1,,
2025-09-20,RKLB,4,,
2025-09-20,UNH,7,,
2025-09-20,MSFT,2,,
2025-09-20,BITF,1,,
2025-09-20,MAN,1,,
2025-09-20,AKA,1,,
2025-09-20,LOT,2,,
2025-09-20,DTE,1,,
2025-09-20,PATH,41,,
2025-09-20,ALOT,1,,
2025-09-20,USA,4,,
2025-09-20,NRG,1,,
2025-09-20,PDT,3,,
2025-09-20,REAL,1,,
2025-09-20,CAR,1,,
2025-09-20,ADP,1,,
2025-09-20,TSLA,2,,
2025-09-20,HIMS,1,,
2025-09-20,HOOD,4,,
2025-09-20,SNAP,8,,
2025-09-20,XTRAF,2,,
2025-09-20,ASTS,5,,
2025-09-20,AMZN,1,,
2025-09-20,GOOGL,1,,
2025-09-20,UPS,4,,
2025-09-20,BLNE,1,,
2025-09-20,CCCX,1,,
2025-09-20,LDI,1,,
2025-09-20,ZETA,1,,
2025-09-20,LMND,7,,
2025-09-20,TEM,2,,
2025-09-20,BTC,1,,
2025-09-20,SOUN,1,,
2025-09-20,YOU,2,,
2025-09-20,CVNA,1,,
2025-09-20,RIOT,1,,
2025-09-20,ROOT,1,,
2025-09-20,ACHR,4,,
2025-09-20,BULL,2,,
2025-09-20,IONQ,1,,
2025-09-20,JOBY,1,,
2025-09-20,CRWV,12,,
2025-09-20,GLXY,4,,
2025-09-20,DOCU,1,,
2025-09-20,ORCL,8,,
2025-09-20,ATYR,2,,
2025-09-20,ALL,1,,
2025-09-20,NOW,1,,
2025-09-20,INTC,1,,
2025-09-20,NVO,1,,
2025-09-20,DNUT,1,,
2025-09-20,RKT,1,,
2025-09-20,ONDS,1,,
2025-09-20,IREN,1,,
2025-09-21,NBIS,3,,
2025-09-21,RKLB,1,,
2025-09-21,NVO,1,,
2025-09-21,SPY,11,,
2025-09-21,DIS,2,,
2025-09-21,GOOG,1,,
2025-09-21,YOU,3,,
2025-09-21,RZLV,1,,
2025-09-21,LDI,3,,
2025-09-21,OKLO,6,,
2025-09-21,DEFT,1,,
2025-09-21,SBET,1,,
2025-09-21,QQQ,1,,
2025-09-21,BABA,4,,
2025-09-21,OPEN,7,,
2025-09-21,VRTX,1,,
2025-09-21,SEDG,2,,
2025-09-21,COST,1,,
2025-09-21,GOOGL,3,,
2025-09-21,SOUN,2,,
2025-09-21,SNPS,1,,
2025-09-21,CAN,1,,
2025-09-21,BITF,1,,
2025-09-21,BACK,1,,
2025-09-21,TIL,1,,
2025-09-21,BULL,2,,
2025-09-21,JOBY,3,,
2025-09-21,SRFM,1,,
2025-09-21,GAP,1,,
2025-09-21,TSLA,7,,
2025-09-21,ALL,1,,
2025-09-21,GLD,1,,
2025-09-21,SLV,1,,
2025-09-21,AMD,6,,
2025-09-21,META,3,,
2025-09-21,NVDA,6,,
2025-09-21,DEI,2,,
2025-09-21,UNH,6,,
2025-09-21,AMC,1,,
2025-09-21,ATYR,2,,
2025-09-21,PLTR,4,,
2025-09-21,KTOS,2,,
2025-09-21,ONDS,6,,
2025-09-21,EDIT,1,,
2025-09-21,IRS,1,,
2025-09-21,MSTR,5,,
2025-09-21,BTC,3,,
2025-09-21,HOOD,4,,
2025-09-21,NIO,1,,
2025-09-21,RDDT,1,,
2025-09-21,INTC,2,,
2025-09-21,INOD,2,,
2025-09-21,RSI,3,,
2025-09-21,AMZN,1,,
2025-09-21,TACO,1,,
2025-09-22,ASPI,11,11.220000267028809,13.79
2025-09-22,LNG,1,230.8000030517578,-0.3
2025-09-22,NFE,1,2.9100000858306885,24.36
2025-09-22,NVDA,73,183.6100006103516,3.93
2025-09-22,SPY,48,666.7849731445312,0.46
2025-09-22,QQQ,12,602.2000122070312,0.48
2025-09-22,YOU,8,38.02999877929688,0.21
2025-09-22,SNAP,55,8.529999732971191,4.53
2025-09-22,ONDS,1,7.260000228881836,8.04
2025-09-22,PATH,8,13.140000343322754,10.7
2025-09-22,OPEN,26,8.380000114440918,-12.43
2025-09-22,BMNR,2,55.09999847412109,-10.1
2025-09-22,AMZN,8,227.6300048828125,-1.66
2025-09-22,HAS,2,74.70999908447266,0.76
2025-09-22,MET,1,80.9800033569336,2.3
2025-09-22,DIS,3,112.55999755859376,-1.05
2025-09-22,KVUE,9,16.969999313354492,-7.47
2025-09-22,OKLO,13,140.3000030517578,3.75
2025-09-22,ORCL,7,328.1499938964844,6.31
2025-09-22,TSLA,20,434.2099914550781,1.91
2025-09-22,WTF,1,6.400000095367432,-5.47
2025-09-22,GOOG,8,252.8800048828125,-0.92
2025-09-22,GOOGL,18,252.52999877929688,-0.86
2025-09-22,UNH,6,341.29998779296875,1.37
2025-09-22,RDDT,3,257.5599975585937,-2.62
2025-09-22,AAPL,10,256.0799865722656,4.31
2025-09-22,BETR,3,49.97999954223633,46.61
2025-09-22,QBTS,1,25.670000076293945,-4.5
2025-09-22,PLUG,1,2.650000095367432,21.56
2025-09-22,JNJ,1,174.2100067138672,-1.12
2025-09-22,LDI,7,3.490000009536743,-6.18
2025-09-22,APLD,3,24.450000762939453,19.38
2025-09-22,BACK,1,0.0815000012516975,3.16
2025-09-22,IREN,8,41.900001525878906,8.44
2025-09-22,GLXY,6,33.689998626708984,2.49
2025-09-22,UEC,4,13.420000076293944,8.66
2025-09-22,BULL,12,14.100000381469728,6.09
2025-09-22,SAVA,2,2.319999933242798,1.75
2025-09-22,GAP,1,22.61000061035156,1.57
2025-09-22,ARE,5,85.88999938964844,-0.35
2025-09-22,BTC,3,49.68000030517578,-2.55
2025-09-22,PUMP,2,4.949999809265137,2.06
2025-09-22,TSSI,1,18.600000381469727,16.91
2025-09-22,SMCI,2,46.869998931884766,2.31
2025-09-22,UVIX,1,10.390000343322754,3.28
2025-09-22,SMR,2,45.0,-3.78
2025-09-22,NOW,1,947.780029296875,-1.39
2025-09-22,FLY,7,49.52000045776367,9.56
2025-09-22,ETH,1,38.959999084472656,-6.79
2025-09-22,FUBO,1,4.559999942779541,4.83
2025-09-22,GGAL,1,32.029998779296875,21.1
2025-09-22,IONQ,1,71.94000244140625,2.17
2025-09-22,UPB,1,16.649999618530273,1.65
2025-09-22,ASTS,1,48.84999847412109,8.31
2025-09-22,HOOD,3,124.88999938964844,0.09
2025-09-22,RR,2,5.539999961853027,24.49
2025-09-22,META,5,765.1599731445312,-1.7
2025-09-22,FOR,7,25.670000076293945,-4.04
2025-09-22,DOCU,1,84.86000061035156,0.32
2025-09-22,AKA,1,10.53090000152588,1.75
2025-09-22,CIFR,5,13.960000038146973,13.68
2025-09-22,WULF,3,11.489999771118164,4.64
2025-09-22,EAT,2,138.6999969482422,1.72
2025-09-22,CCI,2,94.27999877929688,0.73
2025-09-22,XEL,1,72.3499984741211,0.33
2025-09-22,BROS,3,55.2599983215332,-5.73
2025-09-22,MSTR,1,335.92999267578125,-2.56
2025-09-22,MSFT,9,514.4500122070312,-0.67
2025-09-22,VLO,2,166.44000244140625,2.35
2025-09-22,CRWV,5,133.22999572753906,6.7
2025-09-22,NBIS,4,106.5999984741211,7.34
2025-09-22,NFLX,2,1227.3699951171875,0.03
2025-09-22,MUX,6,14.989999771118164,3.24
2025-09-22,NPV,1,11.510000228881836,-0.17
2025-09-22,FNV,1,214.1699981689453,0.11
2025-09-22,WPM,1,107.66999816894533,0.02
2025-09-22,IMO,3,92.66999816894533,0.91
2025-09-22,AMD,3,159.7899932861328,1.52
2025-09-22,HIVE,1,3.819999933242798,0.79
2025-09-22,BITF,2,3.069999933242798,-1.6
2025-09-22,ARM,1,144.47999572753906,1.1
2025-09-22,LOT,4,2.220000028610229,9.36
2025-09-22,LINK,4,10.670000076293944,3.89
2025-09-22,API,2,3.869999885559082,0.52
2025-09-22,HBM,1,14.210000038146973,2.38
2025-09-22,RZLV,3,6.380000114440918,-4.2
2025-09-22,BLND,4,4.050000190734863,2.27
2025-09-22,BTG,3,4.760000228881836,6.01
2025-09-22,DTE,1,136.13999938964844,0.35
2025-09-22,SRPT,3,18.64999961853028,7.0
2025-09-22,EOD,2,5.639999866485596,-0.53
2025-09-22,SKYT,11,15.479999542236328,12.5
2025-09-22,USA,7,6.53000020980835,0.0
2025-09-22,AGO,2,83.56999969482422,-0.07
2025-09-22,PSKY,4,18.61000061035156,-1.64
2025-09-22,UUUU,1,15.5649995803833,4.74
2025-09-22,WELL,1,167.4199981689453,1.35
2025-09-22,ALL,3,206.4600067138672,0.2
2025-09-22,PLTR,5,179.3300018310547,-1.68
2025-09-22,MGA,1,46.40999984741211,-1.13
2025-09-22,BYD,52,83.45999908447266,0.19
2025-09-22,BYDDF,1,14.010000228881836,-3.78
2025-09-22,TSM,1,272.6300048828125,2.93
2025-09-22,REAL,1,10.739999771118164,-1.38
2025-09-22,BOOM,3,7.980000019073486,6.83
2025-09-22,SAIC,1,101.4499969482422,-2.33
2025-09-22,NIO,1,6.909999847412109,-6.24
2025-09-22,ARRY,1,8.220000267028809,1.86
2025-09-22,EVER,1,24.850000381469727,-2.55
2025-09-22,TURN,1,,
2025-09-22,PMI,2,7.5,-0.4
2025-09-22,DAY,1,68.75,-0.07
2025-09-22,GLD,3,344.9599914550781,1.7
2025-09-22,DJT,1,17.600000381469727,0.92
2025-09-22,INTC,2,28.76000022888184,-2.77
2025-09-22,TGT,1,86.55999755859375,-1.78
2025-09-22,NVO,1,60.709999084472656,-1.12
2025-09-22,UPS,5,84.2300033569336,0.2
2025-09-22,WOW,1,5.199999809265137,0.97
2025-09-22,NEXT,1,6.880000114440918,4.56
2025-09-22,HIT,1,3.470000028610229,-3.34
2025-09-22,IBKR,2,64.22000122070312,-1.25
2025-09-22,SOFI,2,29.809999465942383,1.02
2025-09-22,BBAI,1,7.079999923706055,3.36
2025-09-22,FUTU,1,167.72000122070312,-5.77
2025-09-22,AIFU,1,5.630000114440918,-12.71
2025-09-22,ATCH,1,0.5740000009536743,-37.4
2025-09-22,MCD,1,302.989990234375,0.2
2025-09-22,QS,1,13.4399995803833,0.15
2025-09-23,LAC,28,3.069999933242798,-6.97
2025-09-23,MU,9,166.41000366210938,1.09
2025-09-23,SPY,37,663.2100219726562,-0.54
2025-09-23,OPEN,70,7.090000152587891,-15.39
2025-09-23,MOVE,1,0.5938000082969666,0.47
2025-09-23,YOU,10,37.06999969482422,-2.52
2025-09-23,FOR,4,25.65999984741211,-0.04
2025-09-23,UAMY,3,7.300000190734863,13.18
2025-09-23,UUUU,5,16.65999984741211,7.0
2025-09-23,TSLA,6,425.8500061035156,-1.93
2025-09-23,ONDS,1,7.880000114440918,8.54
2025-09-23,LOVE,2,17.75,-0.78
2025-09-23,ASTS,10,54.79999923706055,12.18
2025-09-23,PSKY,1,19.729999542236328,6.02
2025-09-23,MSFT,6,509.2300109863281,-1.01
2025-09-23,CRWV,6,130.88999938964844,-1.76
2025-09-23,AGO,1,83.69000244140625,0.14
2025-09-23,LOAN,1,5.389999866485596,0.37
2025-09-23,TWO,1,9.8100004196167,1.03
2025-09-23,NVDA,27,178.42999267578125,-2.82
2025-09-23,RDDT,16,237.4499969482422,-7.81
2025-09-23,ORCL,6,313.8299865722656,-4.36
2025-09-23,LIVE,1,17.65999984741211,-0.84
2025-09-23,DAY,1,68.81999969482422,0.1
2025-09-23,UEC,2,13.850000381469728,3.2
2025-09-23,RGTI,2,31.459999084472656,10.89
2025-09-23,OKLO,17,142.64999389648438,1.67
2025-09-23,LULU,20,173.3300018310547,-0.05
2025-09-23,WTF,5,6.610000133514404,3.28
2025-09-23,SAY,3,,
2025-09-23,CORN,2,17.75,0.79
2025-09-23,BTC,1,49.45000076293945,-0.46
2025-09-23,BITF,3,2.5899999141693115,-15.64
2025-09-23,RDW,1,9.220000267028809,13.69
2025-09-23,PLUG,21,2.5299999713897705,-4.53
2025-09-23,DVLT,3,0.7383000254631042,80.07
2025-09-23,INTC,3,29.34000015258789,2.02
2025-09-23,SNPS,1,490.3200073242188,-4.75
2025-09-23,SNAP,16,8.420000076293945,-1.29
2025-09-23,AVTR,1,12.239999771118164,-1.69
2025-09-23,SLV,2,39.959999084472656,-0.2
2025-09-23,HOOD,3,126.1999969482422,1.05
2025-09-23,EOD,4,5.639999866485596,0.0
2025-09-23,GOOG,5,252.33999633789065,-0.21
2025-09-23,VFC,1,14.829999923706056,3.49
2025-09-23,IONQ,1,75.13999938964844,4.45
2025-09-23,GLW,1,81.0,2.32
2025-09-23,BETR,7,67.75,35.55
2025-09-23,NAK,2,0.9340999722480774,0.44
2025-09-23,META,4,755.4000244140625,-1.28
2025-09-23,KSS,1,17.280000686645508,2.31
2025-09-23,RCAT,1,11.770000457763672,3.98
2025-09-23,MSTR,2,327.7799987792969,-2.43
2025-09-23,RKT,2,19.6200008392334,-1.01
2025-09-23,PPTA,3,18.950000762939453,0.48
2025-09-23,CIFR,1,14.149999618530272,1.36
2025-09-23,ASPI,1,11.4399995803833,1.96
2025-09-23,TGEN,1,8.720000267028809,-3.75
2025-09-23,UVIX,1,10.68000030517578,2.79
2025-09-23,IRS,1,12.649999618530272,-2.32
2025-09-23,CPA,2,122.33999633789062,1.98
2025-09-23,RSI,2,22.0,-2.35
2025-09-23,GPUS,2,0.3953000009059906,-14.07
2025-09-23,CASH,1,75.72000122070312,-2.06
2025-09-23,NOW,3,927.6699829101562,-2.12
2025-09-23,BOOM,2,8.420000076293945,5.51
2025-09-23,APLD,6,24.670000076293945,0.9
2025-09-23,LUNR,4,10.359999656677246,2.27
2025-09-23,AMZN,10,220.7100067138672,-3.04
2025-09-23,TGT,1,87.05000305175781,0.57
2025-09-23,ALL,2,207.72999572753903,0.62
2025-09-23,ABAT,1,4.130000114440918,9.55
2025-09-23,HODL,4,31.57999992370605,-0.44
2025-09-23,QQQ,1,598.2000122070312,-0.66
2025-09-23,AMD,7,160.89999389648438,0.69
2025-09-23,RZLV,3,7.179999828338623,12.54
2025-09-23,IREN,3,41.77000045776367,-0.31
2025-09-23,GME,1,26.799999237060547,0.07
2025-09-23,PLTR,9,182.5500030517578,1.8
2025-09-23,HBM,1,13.4399995803833,-5.42
2025-09-23,UNH,6,347.69000244140625,1.87
2025-09-23,LINK,4,11.279999732971191,5.72
2025-09-23,NVO,2,59.540000915527344,-1.93
2025-09-23,GTLB,2,48.84000015258789,-1.29
2025-09-23,LDI,3,3.289999961853028,-5.73
2025-09-23,IMO,5,93.62999725341795,1.04
2025-09-23,TARA,1,3.5799999237060547,-2.45
2025-09-23,TKNO,1,5.170000076293945,-2.82
2025-09-23,EDIT,3,3.009999990463257,0.33
2025-09-23,RIVN,9,15.529999732971191,1.9
2025-09-23,LCID,1,22.239999771118164,-0.89
2025-09-23,BBAI,11,7.989999771118164,12.85
2025-09-23,JPM,1,312.739990234375,0.1
2025-09-23,PEG,1,82.20999908447266,0.59
2025-09-23,CROX,3,78.1500015258789,1.31
2025-09-23,WAY,2,37.77000045776367,0.19
2025-09-23,COST,1,943.5999755859376,0.04
2025-09-23,ABBV,1,222.6100006103516,0.01
2025-09-23,UPS,1,84.41000366210938,0.21
2025-09-23,NYC,1,9.699999809265137,2.54
2025-09-23,AAPL,4,254.42999267578125,-0.64
2025-09-23,IBM,1,272.239990234375,0.32
2025-09-23,BULL,4,14.0,-0.71
2025-09-23,EVER,1,23.56999969482422,-5.15
2025-09-23,STEP,1,67.3499984741211,0.67
2025-09-23,PATH,1,12.529999732971191,-4.64
2025-09-23,WOW,1,5.170000076293945,-0.58
2025-09-23,ICE,1,168.08999633789062,-1.19
2025-09-23,FACT,1,10.292699813842772,0.03
2025-09-23,NFLX,1,1218.469970703125,-0.73
2025-09-23,GAME,1,0.7103000283241272,-0.24
2025-09-23,TOP,1,1.3200000524520874,-8.97
2025-09-23,RKLB,1,52.90999984741211,6.22
2025-09-23,USA,1,6.480000019073486,-0.77
2025-09-23,CBOE,1,240.32000732421875,1.56
2025-09-23,LEE,1,5.699999809265137,-0.87
2025-09-23,GOOGL,2,251.6600036621093,-0.34
2025-09-23,KVUE,1,17.239999771118164,1.59
2025-09-23,EOSE,1,10.15999984741211,-0.78
2025-09-23,NBIS,3,107.8000030517578,1.13
2025-09-23,CAN,2,0.7401999831199646,0.57
2025-09-23,PONY,1,21.34000015258789,3.79
2025-09-23,WRD,2,11.239999771118164,-2.77
2025-09-23,DRS,1,43.09999847412109,0.51
2025-09-23,AMC,3,2.9600000381469727,-1.33
2025-09-23,SENS,1,0.4612999856472015,0.5
2025-09-23,GENI,10,13.170000076293944,2.49
2025-09-23,IMG,1,0.2666999995708465,1.02
2025-09-23,SRAD,2,30.07999992370605,1.18
2025-09-23,AMPX,2,11.6899995803833,-3.07
2025-09-23,ARE,2,86.97000122070312,1.26
2025-09-23,BB,1,4.269999980926514,-2.95
2025-09-23,PLAY,1,19.3799991607666,-0.77
2025-09-23,SOFI,1,29.09000015258789,-2.42
2025-09-23,IBKR,1,65.48999786376953,1.98
2025-09-23,COOK,1,1.2999999523162842,3.17
2025-09-23,SPOT,1,718.9400024414062,-2.65
2025-09-23,BRO,1,92.19000244140624,-0.44
2025-09-23,RR,2,4.869999885559082,-12.09
2025-09-23,AMAT,3,200.8699951171875,0.17
2025-09-23,AZO,1,4120.0,-0.02
2025-09-23,LMT,1,486.6700134277344,1.31
2025-09-23,VTLE,1,17.1299991607666,7.06
2025-09-23,TACO,1,10.390000343322754,0.68
2025-09-23,DTE,1,137.97000122070312,1.34
2025-09-23,CAT,1,471.260009765625,-0.18
2025-09-23,CVNA,1,378.1000061035156,-3.26
2025-09-24,BROS,1,54.09000015258789,-2.28
2025-09-24,TSLA,30,442.7900085449219,3.98
2025-09-24,YOU,8,36.75,-0.86
2025-09-24,FOR,5,25.790000915527344,0.51
2025-09-24,OKLO,7,131.1699981689453,-8.05
2025-09-24,RDDT,26,235.69000244140625,-0.74
2025-09-24,NVDA,14,176.97000122070312,-0.82
2025-09-24,GOOGL,6,247.13999938964844,-1.8
2025-09-24,SNAP,5,8.220000267028809,-2.38
2025-09-24,SPY,44,661.0999755859375,-0.32
2025-09-24,GOOG,7,247.8300018310547,-1.79
2025-09-24,LAC,12,6.010000228881836,95.77
2025-09-24,AMZN,16,220.2100067138672,-0.23
2025-09-24,INTC,7,31.21999931335449,6.41
2025-09-24,RKLB,25,48.68999862670898,-7.98
2025-09-24,RGTI,6,31.63999938964844,0.57
2025-09-24,NVO,3,58.7400016784668,-1.34
2025-09-24,OPEN,63,8.229999542236328,16.08
2025-09-24,NOW,4,933.3699951171876,0.61
2025-09-24,ORCL,5,308.4599914550781,-1.71
2025-09-24,AXON,1,698.02001953125,-10.23
2025-09-24,BULL,3,13.970000267028809,-0.21
2025-09-24,MRVL,1,80.08999633789062,7.33
2025-09-24,SPOT,1,708.6500244140625,-1.43
2025-09-24,WAY,2,37.040000915527344,-1.93
2025-09-24,TLRY,2,1.2599999904632568,1.61
2025-09-24,RSI,3,21.57999992370605,-1.91
2025-09-24,EOD,3,5.599999904632568,-0.71
2025-09-24,OKTA,1,89.87000274658203,-2.53
2025-09-24,UNH,16,351.8099975585937,1.18
2025-09-24,OXY,1,46.88999938964844,1.01
2025-09-24,ALB,2,81.58000183105469,1.82
2025-09-24,ACN,1,239.07000732421875,1.52
2025-09-24,SFIX,1,5.639999866485596,3.3
2025-09-24,GLD,3,343.3099975585937,-0.91
2025-09-24,DAY,1,68.83000183105469,0.01
2025-09-24,LULU,2,179.22000122070312,3.4
2025-09-24,PSKY,4,19.1200008392334,-3.09
2025-09-24,KVUE,7,16.860000610351562,-2.2
2025-09-24,IBKR,2,64.45999908447266,-1.57
2025-09-24,RCT,1,1.6799999475479126,64.71
2025-09-24,GSRT,1,10.829999923706056,0.84
2025-09-24,TEAM,1,163.8300018310547,-1.12
2025-09-24,RKT,2,19.59000015258789,-0.15
2025-09-24,MARA,1,17.639999389648438,-0.4
2025-09-24,UPST,1,60.61000061035156,-2.84
2025-09-24,CRWV,1,133.39999389648438,1.92
2025-09-24,SKYT,1,15.300000190734863,0.66
2025-09-24,MSTR,3,323.3099975585937,-1.36
2025-09-24,ATCH,1,0.7269999980926514,81.75
2025-09-24,PLTR,5,179.55999755859375,-1.64
2025-09-24,KMX,1,57.04999923706055,-0.95
2025-09-24,QQQ,6,596.0999755859375,-0.35
2025-09-24,SFM,1,115.73999786376952,-3.05
2025-09-24,ARM,2,144.3000030517578,2.35
2025-09-24,PSQH,1,2.8299999237060547,17.43
2025-09-24,GAP,5,22.8700008392334,0.04
2025-09-24,AEO,6,17.899999618530273,-0.39
2025-09-24,ARE,2,85.88999938964844,-1.24
2025-09-24,PDT,17,13.34000015258789,0.0
2025-09-24,HOOD,4,126.8000030517578,0.48
2025-09-24,DAWN,1,6.869999885559082,0.44
2025-09-24,CBOE,1,243.19000244140625,1.19
2025-09-24,USA,3,6.460000038146973,-0.31
2025-09-24,CRT,1,7.429999828338623,2.48
2025-09-24,IBM,1,267.5299987792969,-1.73
2025-09-24,PATH,6,12.31999969482422,-1.68
2025-09-24,LOVE,2,17.760000228881836,0.06
2025-09-24,WRD,1,11.390000343322754,1.33
2025-09-24,MU,1,161.7100067138672,-2.82
2025-09-24,PEW,2,5.5,-1.79
2025-09-24,WEN,1,9.289999961853027,2.2
2025-09-24,PLUG,1,2.400000095367432,-5.14
2025-09-24,LEG,1,9.0,-1.32
2025-09-24,EOSE,2,10.649999618530272,4.82
2025-09-24,ASST,10,3.009999990463257,-10.15
2025-09-24,BABA,18,176.44000244140625,8.19
2025-09-24,DTE,3,138.75999450683594,0.57
2025-09-24,PAPA,1,,
2025-09-24,RBC,2,378.5400085449219,-1.34
2025-09-24,WBD,1,19.81999969482422,1.33
2025-09-24,IMO,1,93.94000244140624,0.33
2025-09-24,FCF,3,17.399999618530273,-0.29
2025-09-24,FOUR,1,80.93000030517578,-3.4
2025-09-24,PEG,1,82.4000015258789,0.23
2025-09-24,SOFI,6,28.440000534057617,-2.23
2025-09-24,IREN,3,47.13999938964844,12.86
2025-09-24,NBIS,7,113.2300033569336,5.04
2025-09-24,UPS,1,83.9000015258789,-0.6
2025-09-24,LUMN,2,5.659999847412109,-2.41
2025-09-24,ASTS,7,54.5,-0.55
2025-09-24,SMLR,1,31.6200008392334,-3.18
2025-09-24,WTF,1,6.670000076293945,0.91
2025-09-24,LINK,5,13.90999984741211,23.32
2025-09-24,BBW,1,72.91999816894531,0.9
2025-09-24,AMC,1,2.9200000762939453,-1.35
2025-09-24,BRO,1,93.22000122070312,1.12
2025-09-24,LOT,1,2.039999961853028,-2.39
2025-09-24,MCD,1,304.3299865722656,0.38
2025-09-24,MOVE,1,0.5570999979972839,-6.21
2025-09-24,SAFE,1,15.600000381469728,-3.23
2025-09-24,ALL,3,209.4100036621093,0.81
2025-09-24,YPF,1,27.729999542236328,1.02
2025-09-24,GSK,1,40.18000030517578,-0.84
2025-09-24,RCAT,1,10.380000114440918,-11.81
2025-09-24,ONDS,1,7.349999904632568,-6.73
2025-09-24,ANY,1,0.6899999976158142,0.88
2025-09-24,SEE,1,33.2400016784668,-0.81
2025-09-24,MOS,1,35.93000030517578,5.77
2025-09-24,NTR,1,59.02999877929688,4.72
2025-09-24,UUUU,5,16.8700008392334,1.2
2025-09-24,ADBE,1,353.2699890136719,-2.35
2025-09-24,META,1,760.6599731445312,0.7
2025-09-24,OUT,2,18.280000686645508,-2.66
2025-09-24,LTM,1,45.970001220703125,-3.46
2025-09-24,BITF,2,2.775000095367432,7.14
2025-09-24,LUNR,3,9.989999771118164,-3.57
2025-09-24,MSFT,1,510.1499938964844,0.18
2025-09-24,POET,1,6.050000190734863,0.83
2025-09-24,COO,1,68.3499984741211,1.26
2025-09-24,SDA,3,2.450000047683716,-1.21
2025-09-24,PL,3,11.93000030517578,-1.0
2025-09-24,TOGI,1,0.0625,155.1
2025-09-24,LMT,1,486.25,-0.09
2025-09-24,DOW,1,23.1299991607666,1.18
2025-09-24,FAST,1,47.540000915527344,-0.94
2025-09-24,UAA,1,4.840000152587891,1.26
2025-09-24,BMNR,1,51.91999816894531,-4.72
2025-09-24,FAF,1,65.26000213623047,-0.12
2025-09-24,ABAT,1,4.699999809265137,13.8
2025-09-24,HOND,5,17.6200008392334,11.66
2025-09-24,BBAI,1,7.590000152587891,-5.01
2025-09-24,TTD,10,46.869998931884766,0.02
2025-09-24,RDW,2,9.350000381469728,1.41
2025-09-24,TACO,1,10.369999885559082,-0.19
2025-09-24,NICE,1,152.2100067138672,2.2
2025-09-24,DNUT,1,3.309999942779541,1.53
2025-09-24,CHD,1,86.8499984741211,-0.39
2025-09-24,WBS,1,60.15999984741211,-0.91
2025-09-24,DEI,1,15.81999969482422,-1.68
2025-09-24,CMP,1,19.030000686645508,2.42
2025-09-24,GOOD,1,12.670000076293944,-1.09
2025-09-24,COMP,1,7.929999828338623,-0.13
2025-09-24,TWO,1,9.829999923706056,0.2
2025-09-24,TFSA,1,,
2025-09-24,CVNA,1,374.80999755859375,-0.87
2025-09-24,NEXT,1,7.034999847412109,1.66
2025-09-24,HODL,1,32.11000061035156,1.68
2025-09-24,BETR,1,67.01000213623047,-1.09
2025-09-24,SBET,1,17.579999923706055,3.35
2025-09-24,HIMS,1,53.25,-4.91
2025-09-24,MATH,1,3.700000047683716,1.37
2025-09-24,CAN,1,0.8870000243186951,19.86
2025-09-25,BRR,1,10.119999885559082,-0.1
2025-09-25,LAC,6,7.369999885559082,22.63
2025-09-25,TSM,3,276.6600036621094,-1.44
2025-09-25,USA,6,6.369999885559082,-1.39
2025-09-25,COST,13,943.3099975585938,-0.21
2025-09-25,INTC,21,33.9900016784668,8.87
2025-09-25,CVNA,2,371.3800048828125,-0.92
2025-09-25,SPY,35,658.0499877929688,-0.46
2025-09-25,LULU,3,172.00999450683594,-4.02
2025-09-25,AMZN,14,218.1499938964844,-0.94
2025-09-25,OPEN,40,9.09000015258789,10.45
2025-09-25,SNAP,5,8.329999923706055,1.34
2025-09-25,GOOG,8,246.57000732421875,-0.51
2025-09-25,UPS,4,82.58000183105469,-1.57
2025-09-25,CRWV,5,126.66000366210938,-5.05
2025-09-25,NEGG,1,44.15999984741211,-1.56
2025-09-25,NBIS,6,107.94000244140624,-4.67
2025-09-25,PMI,1,8.210000038146973,5.66
2025-09-25,BMI,1,174.9600067138672,1.53
2025-09-25,IBM,19,281.44000244140625,5.2
2025-09-25,WTF,3,6.0,-10.04
2025-09-25,ARE,6,84.16000366210938,-2.01
2025-09-25,YOU,10,36.38999938964844,-0.98
2025-09-25,KSS,1,16.049999237060547,-6.25
2025-09-25,PUMP,1,5.260000228881836,-1.13
2025-09-25,NVO,1,56.040000915527344,-4.6
2025-09-25,BULL,5,14.640000343322754,4.8
2025-09-25,AAPL,6,256.8699951171875,1.81
2025-09-25,CIFR,5,11.65999984741211,-17.54
2025-09-25,RDDT,9,232.75,-1.25
2025-09-25,RSI,2,21.61000061035156,0.14
2025-09-25,ONDS,2,7.75,5.44
2025-09-25,TGT,1,87.13999938964844,-1.32
2025-09-25,NVDA,18,177.69000244140625,0.41
2025-09-25,ORCL,4,291.3299865722656,-5.55
2025-09-25,TSLA,12,423.3900146484375,-4.38
2025-09-25,GOOGL,5,245.7899932861328,-0.55
2025-09-25,QQQ,6,593.530029296875,-0.43
2025-09-25,MARK,1,,
2025-09-25,STLA,2,9.3100004196167,-3.32
2025-09-25,FOR,5,25.51000022888184,-1.09
2025-09-25,RGTI,2,32.099998474121094,1.45
2025-09-25,PORT,2,,
2025-09-25,GLD,11,344.75,0.42
2025-09-25,DFLI,1,0.3781000077724457,11.53
2025-09-25,NIO,2,7.46999979019165,4.92
2025-09-25,HIVE,1,3.5799999237060547,-11.6
2025-09-25,ADBE,1,354.1600036621094,0.25
2025-09-25,YAAS,1,0.0974999964237213,-8.02
2025-09-25,MSTR,4,300.70001220703125,-6.99
2025-09-25,FCX,1,35.34000015258789,-6.19
2025-09-25,DUOL,1,313.489990234375,4.09
2025-09-25,RTX,2,160.50999450683594,-0.54
2025-09-25,PLUG,1,2.359999895095825,-1.67
2025-09-25,BITF,1,2.680000066757202,-3.42
2025-09-25,TDY,1,566.0,0.37
2025-09-25,NAC,1,11.239999771118164,-0.44
2025-09-25,NPV,1,11.5,0.17
2025-09-25,MAG,1,,
2025-09-25,UVXY,1,11.010000228881836,2.23
2025-09-25,ALL,5,209.8099975585937,0.19
2025-09-25,WOW,2,5.159999847412109,0.0
2025-09-25,KMX,6,45.59999847412109,-20.07
2025-09-25,LMT,3,484.3399963378906,-0.39
2025-09-25,MAN,1,37.77999877929688,-3.43
2025-09-25,PLTR,1,179.1199951171875,-0.25
2025-09-25,MAX,1,12.0600004196167,-1.79
2025-09-25,UNH,4,345.5599975585937,-1.78
2025-09-25,PEPG,1,5.880000114440918,121.05
2025-09-25,RBRK,1,81.98999786376953,3.63
2025-09-25,MU,1,156.8300018310547,-3.02
2025-09-25,GPUS,1,0.3828999996185303,-4.28
2025-09-25,OSS,1,5.619999885559082,-5.23
2025-09-25,CROX,10,76.6500015258789,-1.08
2025-09-25,BIRK,7,44.90999984741211,-0.95
2025-09-25,ONON,3,43.91999816894531,-4.02
2025-09-25,NKE,1,69.23999786376953,-2.78
2025-09-25,HOOD,3,122.6500015258789,-3.27
2025-09-25,SOFI,1,28.1200008392334,-1.13
2025-09-25,DECK,1,105.83000183105467,-4.85
2025-09-25,EMA,1,46.84000015258789,0.28
2025-09-25,PYPL,2,66.73999786376953,-1.65
2025-09-25,ASML,1,949.5499877929688,0.28
2025-09-25,GOOD,1,12.43000030517578,-1.89
2025-09-25,LUCK,1,9.890000343322754,-1.0
2025-09-25,HSBC,3,68.93000030517578,-1.37
2025-09-25,LDI,1,3.200000047683716,-1.84
2025-09-25,OKLO,15,119.12999725341795,-9.18
2025-09-25,REAL,3,10.09000015258789,0.0
2025-09-25,RITE,1,0.0085000004619359,6.25
2025-09-25,AMC,1,2.8299999237060547,-3.08
2025-09-25,FUN,1,21.059999465942383,-4.75
2025-09-25,LINK,2,12.595000267028809,-9.45
2025-09-25,DTE,2,137.66000366210938,-0.79
2025-09-25,JPM,3,313.45001220703125,0.01
2025-09-25,AGO,1,83.83999633789062,-1.23
2025-09-25,EOD,2,5.610000133514404,0.18
2025-09-25,MSFT,1,507.0299987792969,-0.61
2025-09-25,ICE,1,167.27999877929688,-0.46
2025-09-25,BTC,2,48.41999816894531,-3.64
2025-09-25,ETH,1,36.84999847412109,-5.95
2025-09-25,SAY,1,25.21999931335449,-0.47
2025-09-25,JOB,1,0.2029999941587448,-3.33
2025-09-25,ANY,2,0.6913999915122986,0.2
2025-09-25,IREN,2,46.290000915527344,-1.8
2025-09-25,HODL,2,30.93000030517578,-3.67
2025-09-25,WELL,1,171.6999969482422,0.43
2025-09-25,CAN,2,0.7925999760627747,-10.64
2025-09-25,COOP,1,207.5200042724609,-2.43
2025-09-25,LMND,1,52.459999084472656,-1.82
2025-09-25,NEXT,3,6.869999885559082,-2.35
2025-09-25,LNG,14,237.6199951171875,0.43
2025-09-25,EQT,2,53.93000030517578,1.6
2025-09-25,RDW,1,8.960000038146973,-4.17
2025-09-25,GTM,1,11.350000381469728,-1.39
2025-09-25,SLI,1,3.7799999713897705,9.25
2025-09-25,IRS,2,12.720000267028809,-3.93
2025-09-25,PATH,1,12.140000343322754,-1.46
2025-09-25,RKLB,1,46.630001068115234,-4.23
2025-09-25,GLDM,1,74.16999816894531,0.43
2025-09-25,IAU,1,70.58000183105469,0.41
2025-09-25,IAUM,1,37.34999847412109,0.4
2025-09-25,IMO,2,93.37000274658205,-0.61
2025-09-25,AMD,2,161.27000427246094,0.24
2025-09-25,DAY,1,68.8499984741211,0.03
2025-09-25,AIFU,1,5.539999961853027,-2.46
2025-09-25,NVNI,1,1.2799999713897705,-5.19
2025-09-25,META,1,748.9099731445312,-1.54
2025-09-25,NVTS,11,6.510000228881836,-5.1
2025-09-25,APLD,5,22.59000015258789,-3.67
2025-09-25,WULF,1,10.970000267028809,-3.77
2025-09-25,ARM,1,140.64999389648438,-2.53
2025-09-25,SOL,1,1.8799999952316284,-0.53
2025-09-26,ADBE,1,360.3699951171875,1.75
2025-09-26,BULL,2,15.15999984741211,3.55
2025-09-26,TSLA,21,440.3999938964844,4.02
2025-09-26,RDDT,4,240.1100006103516,3.16
2025-09-26,CRWV,11,120.33999633789062,-4.99
2025-09-26,AAPL,4,255.4600067138672,-0.55
2025-09-26,GOOG,3,247.17999267578125,0.25
2025-09-26,SPY,39,661.8200073242188,0.57
2025-09-26,CIFR,1,11.470000267028809,-1.63
2025-09-26,AMZN,11,219.77999877929688,0.75
2025-09-26,NVDA,15,178.19000244140625,0.28
2025-09-26,QQQ,5,595.969970703125,0.41
2025-09-26,MSFT,3,511.4599914550781,0.87
2025-09-26,GOOGL,3,246.5399932861328,0.31
2025-09-26,CROX,1,81.7300033569336,6.63
2025-09-26,HOOD,3,121.77999877929688,-0.71
2025-09-26,HBI,1,6.590000152587891,1.38
2025-09-26,SKYT,1,18.07999992370605,17.4
2025-09-26,PAYX,1,128.2100067138672,1.2
2025-09-26,PDT,1,13.25,0.15
2025-09-26,SNAP,6,8.270000457763672,-0.72
2025-09-26,OPEN,15,8.8100004196167,-3.08
2025-09-26,UNH,4,344.0799865722656,-0.43
2025-09-26,ORCL,2,283.4599914550781,-2.7
2025-09-26,NVO,10,55.61000061035156,-0.77
2025-09-26,DUOL,1,326.3900146484375,4.11
2025-09-26,CCL,13,30.6200008392334,0.46
2025-09-26,INTC,22,35.5,4.44
2025-09-26,USAR,1,17.325000762939453,-4.76
2025-09-26,UUUU,3,16.709999084472656,-3.19
2025-09-26,IMO,4,93.26000213623048,-0.12
2025-09-26,RZLV,6,5.949999809265137,-10.79
2025-09-26,HROW,1,47.09999847412109,2.06
2025-09-26,NBIS,36,107.6999969482422,-0.22
2025-09-26,ALL,3,212.759994506836,1.4
2025-09-26,EA,1,193.3500061035156,14.87
2025-09-26,MGX,1,2.289999961853028,-0.43
2025-09-26,USA,4,6.380000114440918,0.16
2025-09-26,YOU,13,36.630001068115234,0.63
2025-09-26,GAME,1,0.676800012588501,-0.47
2025-09-26,TKO,1,199.0399932861328,1.66
2025-09-26,QMMM,1,119.4000015258789,19.4
2025-09-26,FOR,5,26.350000381469727,3.29
2025-09-26,LINK,3,13.619999885559082,8.14
2025-09-26,IREN,4,41.86000061035156,-9.57
2025-09-26,BITF,1,2.539999961853028,-5.22
2025-09-26,SMLR,1,28.309999465942383,-6.29
2025-09-26,MSTR,1,309.0599975585937,2.78
2025-09-26,RSI,1,21.71999931335449,0.51
2025-09-26,SLV,2,41.86000061035156,2.02
2025-09-26,COST,2,915.9500122070312,-2.9
2025-09-26,KVUE,2,16.420000076293945,1.55
2025-09-26,LAC,2,6.329999923706055,-14.11
2025-09-26,NICE,1,145.77999877929688,-0.92
2025-09-26,MP,1,68.62999725341797,-11.02
2025-09-26,NKE,3,69.30999755859375,0.1
2025-09-26,LEVI,1,23.020000457763672,0.92
2025-09-26,LULU,3,176.3000030517578,2.49
2025-09-26,GUTS,1,1.340000033378601,32.67
2025-09-26,ATCH,2,0.7900000214576721,-4.24
2025-09-26,PCG,3,14.970000267028809,3.67
2025-09-26,CIK,2,2.940000057220459,-0.68
2025-09-26,MTD,1,1204.4300537109375,-0.42
2025-09-26,ARE,2,83.8499984741211,-0.37
2025-09-26,EOD,1,5.579999923706055,-0.53
2025-09-26,OKLO,2,110.52999877929688,-7.22
2025-09-26,FCF,1,17.399999618530273,0.35
2025-09-26,WOW,2,5.150000095367432,-0.19
2025-09-26,BACK,2,,
2025-09-26,NOW,1,936.0,1.89
2025-09-26,WAY,1,37.560001373291016,1.27
2025-09-26,EDIT,1,3.240000009536743,0.31
2025-09-26,OUT,1,18.479999542236328,2.21
2025-09-26,FUBO,1,4.199999809265137,2.69
2025-09-26,WOLF,2,1.2100000381469729,-34.59
2025-09-26,PUMP,1,5.519999980926514,4.94
2025-09-26,MARA,1,16.1299991607666,0.37
2025-09-26,RIVN,1,15.59000015258789,-0.95
2025-09-26,LCID,1,23.959999084472656,3.99
2025-09-26,LOVE,4,17.31999969482422,-1.2
2025-09-26,DAY,1,68.86000061035156,0.01
2025-09-26,MRVL,3,83.16999816894531,-0.76
2025-09-26,NEXT,1,7.039999961853027,2.47
2025-09-26,GRRR,1,19.89999961853028,5.96
2025-09-26,LSE,1,5.442500114440918,4.66
2025-09-26,ACHR,1,9.279999732971191,-0.54
2025-09-26,WTF,3,6.5,8.33
2025-09-26,LOT,1,1.919999957084656,-1.03
2025-09-26,PLUG,1,2.369999885559082,0.42
2025-09-26,RKLB,1,46.2599983215332,-0.79
2025-09-26,IBM,1,284.3099975585937,1.02
2025-09-26,APSI,1,,
2025-09-26,USB,1,49.43999862670898,0.84
2025-09-26,RCS,1,7.510000228881836,-0.27
2025-09-26,JPM,1,316.0599975585937,0.83
2025-09-26,PLTR,4,177.57000732421875,-0.87
2025-09-26,RGTI,15,31.18000030517578,-2.87
2025-09-26,IONQ,1,67.27999877929688,-3.1
2025-09-26,QBTS,2,26.76000022888184,1.59
2025-09-26,QUBT,3,20.145000457763672,-2.11
2025-09-26,MTG,1,28.770000457763672,1.34
2025-09-26,APP,1,669.8599853515625,4.68
2025-09-26,ICE,5,167.72999572753906,0.27
2025-09-26,LLY,2,724.5399780273438,1.39
2025-09-26,PFE,2,23.76000022888184,0.68
2025-09-26,TACO,3,10.4399995803833,0.29
2025-09-26,BNTX,1,98.08000183105467,0.0
2025-09-26,AZN,1,73.76000213623047,0.31
2025-09-26,DJT,1,16.93000030517578,0.65
2025-09-26,SMR,1,38.0,0.8
2025-09-26,AMD,1,159.4600067138672,-1.12
2025-09-26,BMNR,1,50.5,1.88
2025-09-26,GAIN,1,13.789999961853027,-0.29
2025-09-26,IRS,1,11.970000267028809,-5.9
2025-09-26,PATH,5,12.210000038146973,0.58
2025-09-26,SAP,1,264.0799865722656,0.6
2025-09-26,ARR,4,14.56999969482422,1.6
2025-09-26,UURAF,1,4.539999961853027,1.11
2025-09-26,WHEN,1,9.999999747378752e-05,0.0
2025-09-26,HAS,1,75.58999633789062,1.38
2025-09-26,BABA,1,171.91000366210938,-2.03
2025-09-26,AIFU,1,5.260000228881836,-5.05
2025-09-26,TOP,1,1.2799999713897705,-0.78
2025-09-26,DTE,1,139.30999755859375,1.2
2025-09-26,DMA,1,8.609999656677246,0.47
2025-09-27,OKLO,22,,
2025-09-27,LAC,1,,
2025-09-27,QMMM,5,,
2025-09-27,CIGL,1,,
2025-09-27,PTNM,1,,
2025-09-27,PTHL,1,,
2025-09-27,SDM,1,,
2025-09-27,PHOE,1,,
2025-09-27,CUPR,2,,
2025-09-27,FLYE,2,,
2025-09-27,UFG,1,,
2025-09-27,FOFO,1,,
2025-09-27,HKD,2,,
2025-09-27,LOT,1,,
2025-09-27,SPY,17,,
2025-09-27,SMR,5,,
2025-09-27,EOD,1,,
2025-09-27,POST,1,,
2025-09-27,CFR,2,,
2025-09-27,USA,4,,
2025-09-27,EBR,3,,
2025-09-27,TSLA,2,,
2025-09-27,YOU,1,,
2025-09-27,CAN,1,,
2025-09-27,LDI,1,,
2025-09-27,PLTR,7,,
2025-09-27,COO,4,,
2025-09-27,HOND,1,,
2025-09-27,NVDA,2,,
2025-09-27,ANL,1,,
2025-09-27,AMZN,11,,
2025-09-27,NBIS,1,,
2025-09-27,MSFT,1,,
2025-09-27,IMO,3,,
2025-09-27,QQQ,2,,
2025-09-27,IBKR,4,,
2025-09-27,NOW,1,,
2025-09-27,PATH,4,,
2025-09-27,IBM,1,,
2025-09-27,APP,4,,
2025-09-27,CVNA,1,,
2025-09-27,ARR,1,,
2025-09-27,OPEN,11,,
2025-09-27,INTC,1,,
2025-09-27,BABA,1,,
2025-09-27,BULL,1,,
2025-09-27,PSKY,1,,
2025-09-27,AAPL,5,,
2025-09-27,GOOG,1,,
2025-09-27,LINK,2,,
2025-09-27,GOOGL,1,,
2025-09-27,OUT,1,,
2025-09-27,DJT,1,,
2025-09-27,EDIT,1,,
2025-09-27,TBH,1,,
2025-09-27,PPT,1,,
2025-09-27,HODL,1,,
2025-09-27,MOD,1,,
2025-09-27,UPST,4,,
2025-09-27,RSI,1,,
2025-09-27,IHS,1,,
2025-09-28,SPY,6,,
2025-09-28,OPEN,1,,
2025-09-28,GOOG,2,,
2025-09-28,AMZN,1,,
2025-09-28,GAP,1,,
2025-09-28,RKLB,2,,
2025-09-28,UUUU,4,,
2025-09-28,CRWV,1,,
2025-09-28,CIFR,3,,
2025-09-28,NEGG,3,,
2025-09-28,IREN,1,,
2025-09-28,GLXY,1,,
2025-09-28,ONDS,1,,
2025-09-28,NFE,2,,
2025-09-28,BCRX,1,,
2025-09-28,AMD,9,,
2025-09-28,DEFT,1,,
2025-09-28,INTC,4,,
2025-09-28,USAR,1,,
2025-09-28,UAA,1,,
2025-09-28,NBIS,1,,
2025-09-28,SLV,1,,
2025-09-28,NEXT,1,,
2025-09-28,BROS,1,,
2025-09-28,USA,1,,
2025-09-28,ORCL,3,,
2025-09-28,MSFT,1,,
2025-09-28,SNAP,1,,
2025-09-28,LAC,5,,
2025-09-28,YOU,1,,
2025-09-28,IMO,2,,
2025-09-28,GRAB,1,,
2025-09-28,NVO,4,,
2025-09-28,PORT,1,,
2025-09-28,FOR,1,,
2025-09-28,DAY,2,,
2025-09-28,GOOD,1,,
2025-09-28,HIT,1,,
2025-09-28,RUN,1,,
2025-09-28,UNH,13,,
2025-09-28,QQQ,4,,
2025-09-28,BMNR,8,,
2025-09-28,GRRR,1,,
2025-09-28,TTD,1,,
2025-09-28,LULU,1,,
2025-09-28,CROX,1,,
2025-09-28,TGT,1,,
2025-09-28,OKLO,3,,
2025-09-28,OUT,1,,
2025-09-28,NVDA,1,,
2025-09-28,ETH,1,,
2025-09-29,GOOG,9,244.3600006103516,-1.14
2025-09-29,TLRY,35,1.850000023841858,60.87
2025-09-29,HOOD,18,136.72000122070312,12.27
2025-09-29,SPY,23,663.6799926757812,0.28
2025-09-29,MARA,2,18.65999984741211,15.69
2025-09-29,MSTR,2,326.4200134277344,5.62
2025-09-29,AMZN,3,222.1699981689453,1.09
2025-09-29,GOOGL,11,244.0500030517578,-1.01
2025-09-29,ALAB,1,198.8000030517578,0.52
2025-09-29,NBIS,5,110.22000122070312,2.34
2025-09-29,ABAT,1,5.159999847412109,17.81
2025-09-29,BITF,1,2.819999933242798,11.02
2025-09-29,DAY,3,68.83000183105469,-0.04
2025-09-29,FOR,4,26.64999961853028,1.14
2025-09-29,SAY,2,25.20050048828125,-0.28
2025-09-29,OPEN,15,8.199999809265137,-6.92
2025-09-29,ACHR,1,9.649999618530272,3.99
2025-09-29,PATH,2,12.5600004196167,2.87
2025-09-29,PRGS,1,42.61000061035156,1.4
2025-09-29,KVUE,2,16.34000015258789,-0.49
2025-09-29,DNN,3,2.789999961853028,0.72
2025-09-29,CIFR,3,12.649999618530272,10.29
2025-09-29,AAL,1,11.380000114440918,0.62
2025-09-29,CAG,2,18.040000915527344,-0.77
2025-09-29,GLD,6,352.4599914550781,1.65
2025-09-29,AMD,6,161.36000061035156,1.19
2025-09-29,BULL,2,15.550000190734863,2.57
2025-09-29,DFLI,2,0.656000018119812,25.19
2025-09-29,IREN,5,45.93000030517578,9.72
2025-09-29,UUUU,2,16.520000457763672,-1.14
2025-09-29,MLTX,2,6.244999885559082,-89.93
2025-09-29,NVO,2,55.5,-0.2
2025-09-29,WYFI,1,26.739999771118164,17.13
2025-09-29,NRGV,1,3.0199999809265137,-0.33
2025-09-29,WOLF,11,22.100000381469727,1726.45
2025-09-29,VST,1,197.94000244140625,-4.48
2025-09-29,ANET,1,143.3699951171875,0.61
2025-09-29,INTC,18,34.47999954223633,-2.87
2025-09-29,IRS,1,12.210000038146973,2.01
2025-09-29,GLXY,1,34.290000915527344,10.97
2025-09-29,APLD,3,22.14999961853028,2.03
2025-09-29,BMNR,1,52.560001373291016,4.08
2025-09-29,QQQ,1,598.72998046875,0.46
2025-09-29,UNH,77,345.17999267578125,0.32
2025-09-29,TTD,8,49.63999938964844,5.3
2025-09-29,FIG,1,53.150001525878906,0.45
2025-09-29,RARE,1,30.36000061035156,4.4
2025-09-29,TSM,2,273.2300109863281,-0.05
2025-09-29,DJT,3,16.90999984741211,-0.12
2025-09-29,NOW,3,940.8499755859376,0.52
2025-09-29,IFS,1,40.150001525878906,-0.02
2025-09-29,LINK,4,12.279999732971191,-9.84
2025-09-29,CRSP,18,63.77000045776367,3.41
2025-09-29,QURE,9,59.400001525878906,9.37
2025-09-29,JPM,1,315.69000244140625,-0.12
2025-09-29,PSKY,3,19.5,3.07
2025-09-29,RNA,9,42.630001068115234,-0.75
2025-09-29,MRNA,6,25.32999992370605,3.43
2025-09-29,VRTX,1,395.30999755859375,2.48
2025-09-29,DNA,1,13.229999542236328,15.04
2025-09-29,EDIT,1,3.5199999809265137,8.64
2025-09-29,SKYT,1,18.21999931335449,0.77
2025-09-29,JBS,26,15.039999961853027,2.8
2025-09-29,TSN,1,53.959999084472656,-0.42
2025-09-29,LDI,6,3.150000095367432,0.64
2025-09-29,NEON,1,3.400000095367432,-5.56
2025-09-29,AQST,1,5.650000095367432,-5.68
2025-09-29,PURE,1,0.0829999968409538,3.75
2025-09-29,UPST,1,52.7400016784668,-8.04
2025-09-29,RKT,6,20.13999938964844,3.23
2025-09-29,CRWV,1,122.5199966430664,1.81
2025-09-29,ORCL,2,282.760009765625,-0.25
2025-09-29,NVDA,11,181.8500061035156,2.05
2025-09-29,CVNA,2,392.6600036621094,6.33
2025-09-29,CCL,4,29.39999961853028,-3.98
2025-09-29,RCL,1,326.7200012207031,-0.05
2025-09-29,ALL,3,211.27999877929688,-0.7
2025-09-29,HI,4,26.440000534057617,1.69
2025-09-29,TIL,1,18.46999931335449,9.1
2025-09-29,DUOL,1,328.7799987792969,0.73
2025-09-29,CRCL,4,133.66000366210938,5.25
2025-09-29,COIN,1,333.989990234375,6.85
2025-09-29,SNAP,8,8.399999618530273,1.57
2025-09-29,GAME,1,0.6809999942779541,0.59
2025-09-29,HIMS,1,59.119998931884766,1.23
2025-09-29,CIA,1,5.329999923706055,-6.82
2025-09-29,PHD,1,9.949999809265137,-0.1
2025-09-29,OKLO,2,116.51000213623048,5.41
2025-09-29,ASTS,2,48.84000015258789,-0.51
2025-09-29,TSLA,7,443.2099914550781,0.64
2025-09-29,RDDT,3,241.97999572753903,0.78
2025-09-29,RENT,1,4.980000019073486,3.75
2025-09-29,OUT,1,18.270000457763672,-1.14
2025-09-29,PUMP,2,5.369999885559082,-2.72
2025-09-29,PMI,5,8.699999809265137,0.0
2025-09-29,ADP,1,292.6600036621094,0.38
2025-09-29,WTF,2,6.420000076293945,-1.23
2025-09-29,SOFI,1,27.549999237060547,-1.54
2025-09-29,ICE,1,167.99000549316406,0.16
2025-09-29,MAG,2,,
2025-09-29,EOD,2,5.610000133514404,0.54
2025-09-29,ARE,1,84.41999816894531,0.68
2025-09-29,CPB,1,30.8700008392334,-3.77
2025-09-29,GIS,1,49.65999984741211,-0.86
2025-09-29,KMB,1,122.66000366210938,0.35
2025-09-29,CMG,1,39.900001525878906,-0.45
2025-09-29,FLO,1,12.68000030517578,-0.63
2025-09-29,UPS,1,84.5,0.93
2025-09-29,DHR,1,186.0599975585937,0.66
2025-09-29,WING,1,251.83999633789065,1.78
2025-09-29,IFF,1,60.959999084472656,0.4
2025-09-29,KHC,1,25.700000762939453,-1.34
2025-09-29,MKC,1,66.80000305175781,1.67
2025-09-29,USA,2,6.340000152587891,-0.63
2025-09-29,AREN,1,5.860000133514404,-7.13
2025-09-29,CAN,2,0.8847000002861023,11.42
2025-09-29,YOU,5,36.40999984741211,-0.6
2025-09-29,IBM,1,279.79998779296875,-1.59
2025-09-29,RKLB,1,47.0099983215332,1.62
2025-09-29,WHEN,1,9.999999747378752e-05,-50.0
2025-09-29,NEXT,1,6.949999809265137,-1.28
2025-09-29,WEN,1,9.130000114440918,-0.87
2025-09-29,APH,1,121.01000213623048,-1.3
2025-09-29,COOP,5,216.7899932861328,2.13
2025-09-29,IMO,1,92.02999877929688,-1.32
2025-09-29,PINS,1,33.31999969482422,-0.83
2025-09-29,FCF,2,17.139999389648438,-1.49
2025-09-29,HCC,2,63.33000183105469,-0.61
2025-09-29,DTE,3,140.8699951171875,1.12
2025-09-29,WAY,1,37.4900016784668,-0.19
2025-09-29,OXY,1,48.09999847412109,1.33
2025-09-29,SNPS,1,481.6099853515625,-1.26
2025-09-29,LUV,1,32.7599983215332,0.71
2025-09-29,PLTR,3,178.86000061035156,0.73
2025-09-29,AAPL,2,254.42999267578125,-0.4
2025-09-29,WBA,1,,
2025-09-29,MSFT,3,514.5999755859375,0.61
2025-09-29,WBD,6,18.864999771118164,-3.31
2025-09-30,PLTR,7,182.4199981689453,1.99
2025-09-30,OPEN,16,7.96999979019165,-2.8
2025-09-30,AMD,9,161.7899932861328,0.27
2025-09-30,AAPL,1,254.6300048828125,0.08
2025-09-30,ETH,2,39.18000030517578,-0.84
2025-09-30,PLUG,1,2.3299999237060547,2.64
2025-09-30,BOC,1,13.079999923706056,-0.08
2025-09-30,NVDA,24,186.5800018310547,2.6
2025-09-30,CMG,1,39.18999862670898,-1.78
2025-09-30,AMC,2,2.900000095367432,-3.33
2025-09-30,TSLA,16,444.7200012207031,0.34
2025-09-30,META,4,734.3800048828125,-1.21
2025-09-30,GOOGL,8,243.1000061035156,-0.39
2025-09-30,NOW,2,920.280029296875,-2.19
2025-09-30,SPY,78,666.2050170898438,0.38
2025-09-30,NKE,15,69.7300033569336,0.26
2025-09-30,HOOD,18,143.17999267578125,4.72
2025-09-30,NBIS,15,112.2699966430664,1.86
2025-09-30,LLY,1,763.0,5.02
2025-09-30,SNAP,4,7.715000152587891,-8.15
2025-09-30,AMZN,3,219.57000732421875,-1.17
2025-09-30,DOW,1,22.93000030517578,0.17
2025-09-30,RDDT,10,229.9900054931641,-4.95
2025-09-30,XOM,1,112.75,-1.29
2025-09-30,FORD,1,25.56999969482422,-3.55
2025-09-30,GOOG,5,243.5500030517578,-0.33
2025-09-30,FNMA,1,12.100000381469728,-3.2
2025-09-30,PATH,22,13.380000114440918,6.53
2025-09-30,GLD,4,355.4700012207031,0.85
2025-09-30,TGT,2,89.69999694824219,0.98
2025-09-30,RZLV,3,4.980000019073486,-4.96
2025-09-30,SPOT,2,698.0,-4.18
2025-09-30,QQQ,5,600.3699951171875,0.27
2025-09-30,FLO,1,13.050000190734863,2.92
2025-09-30,FCX,3,39.220001220703125,5.66
2025-09-30,JNJ,1,185.4199981689453,2.09
2025-09-30,NVO,5,55.4900016784668,-0.02
2025-09-30,INTC,4,33.54999923706055,-2.7
2025-09-30,SPT,1,12.920000076293944,-6.44
2025-09-30,NET,1,214.58999633789065,-1.83
2025-09-30,OUT,4,18.31999969482422,0.27
2025-09-30,PFE,2,25.479999542236328,6.83
2025-09-30,EVER,4,22.8700008392334,-2.72
2025-09-30,BULL,3,14.789999961853027,-4.89
2025-09-30,FOR,5,26.59000015258789,-0.23
2025-09-30,YOU,9,33.380001068115234,-8.32
2025-09-30,AVGO,1,329.9100036621094,0.61
2025-09-30,UPST,4,50.79999923706055,-3.68
2025-09-30,KTOS,1,91.37000274658205,3.74
2025-09-30,WTF,5,6.170000076293945,-3.89
2025-09-30,ALL,2,214.6499938964844,1.6
2025-09-30,LAC,2,5.710000038146973,-0.52
2025-09-30,CRE,5,1.0,33.33
2025-09-30,CAF,1,16.649999618530273,1.46
2025-09-30,MSTR,1,322.2099914550781,-1.29
2025-09-30,BTC,3,50.630001068115234,-0.08
2025-09-30,LOVE,1,16.93000030517578,-2.42
2025-09-30,NUKK,1,7.0,4.32
2025-09-30,CRWV,11,136.85000610351562,11.7
2025-09-30,LDI,1,3.069999933242798,-2.54
2025-09-30,LINK,28,12.720000267028809,3.58
2025-09-30,BITF,9,2.819999933242798,0.0
2025-09-30,ANY,1,0.7350999712944031,-1.46
2025-09-30,HIVE,5,4.03000020980835,4.68
2025-09-30,ETSY,2,66.38999938964844,-10.69
2025-09-30,GLXY,1,33.810001373291016,-1.4
2025-09-30,WOLF,3,28.600000381469727,29.41
2025-09-30,MSFT,4,517.9500122070312,0.65
2025-09-30,API,2,3.819999933242798,0.53
2025-09-30,RUN,1,17.290000915527344,-2.76
2025-09-30,IMO,4,90.73999786376952,-1.4
2025-09-30,UPS,1,83.52999877929688,-1.15
2025-09-30,TLRY,3,1.7300000190734863,-6.49
2025-09-30,RKLB,1,47.90999984741211,1.91
2025-09-30,ASTS,2,49.08000183105469,0.49
2025-09-30,UUUU,3,15.350000381469728,-7.08
2025-09-30,ROCK,1,62.79999923706055,-1.09
2025-09-30,WAY,1,37.91999816894531,1.15
2025-09-30,FAST,1,49.040000915527344,0.35
2025-09-30,SOFI,2,26.420000076293945,-4.1
2025-09-30,HAS,1,75.8499984741211,-1.43
2025-09-30,REAL,1,10.630000114440918,-1.02
2025-09-30,DTE,1,141.42999267578125,0.4
2025-09-30,ORCL,1,281.239990234375,-0.54
2025-09-30,DNN,1,2.75,-1.43
2025-09-30,BABA,4,178.72999572753906,-0.65
2025-09-30,SEE,2,35.369998931884766,0.77
2025-09-30,ABVX,1,84.9000015258789,1.88
2025-09-30,QURE,2,58.369998931884766,-1.73
2025-09-30,GLP,1,48.0,-2.02
2025-09-30,SRPT,1,19.270000457763672,2.39
2025-09-30,UNH,3,345.29998779296875,0.03
2025-09-30,QUBT,9,18.40999984741211,-2.33
2025-09-30,IBM,4,282.1600036621094,0.84
2025-09-30,IONQ,7,61.5,-4.3
2025-09-30,QBTS,3,24.709999084472656,-2.37
2025-09-30,RGTI,3,29.790000915527344,0.47
2025-09-30,ARE,2,83.33999633789062,-1.28
2025-09-30,ATYR,1,0.7214000225067139,-9.26
2025-09-30,AMPX,1,10.520000457763672,-1.41
2025-09-30,FLNC,1,10.800000190734863,-5.26
2025-09-30,RAMP,3,27.13999938964844,-3.86
2025-09-30,WULF,1,11.420000076293944,-1.55
2025-09-30,HUT,1,34.810001373291016,-0.1
2025-09-30,CIFR,1,12.59000015258789,-0.47
2025-09-30,CLSK,1,14.5,-2.49
2025-09-30,MARA,1,18.26000022888184,-2.14
2025-09-30,BTDR,1,17.09000015258789,-1.27
2025-09-30,EDIT,1,3.470000028610229,-1.42
2025-09-30,IREN,1,46.93000030517578,2.18
2025-09-30,IBKR,11,68.80999755859375,0.01
2025-09-30,CRM,1,237.0,-3.3
2025-09-30,AIN,1,53.29999923706055,0.95
2025-09-30,ABAT,3,4.860000133514404,-5.81
2025-09-30,USA,2,6.364999771118164,0.39
2025-09-30,BROS,1,52.34000015258789,-0.44
2025-09-30,SBUX,1,84.5999984741211,-1.21
2025-09-30,SOUN,3,16.079999923706055,2.55
2025-09-30,EAT,1,126.68000030517578,-4.73
2025-09-30,VKTX,1,26.280000686645508,1.82
2025-09-30,CGC,2,1.4600000381469729,-7.01
2025-10-01,DKNG,2,35.15999984741211,-5.99
2025-10-01,GPUS,1,0.5199999809265137,15.56
2025-10-01,BROS,15,51.52999877929688,-1.55
2025-10-01,WTF,5,6.21999979019165,0.81
2025-10-01,RDDT,92,202.6000061035156,-11.91
2025-10-01,APLD,6,25.0,8.98
2025-10-01,BULL,6,14.109999656677246,-4.6
2025-10-01,OUT,1,18.06999969482422,-1.36
2025-10-01,SPY,50,668.5,0.35
2025-10-01,TALK,1,2.700000047683716,-2.17
2025-10-01,SMCI,4,52.38999938964844,9.28
2025-10-01,CAN,2,1.0399999618530271,17.91
2025-10-01,ORCL,1,289.010009765625,2.76
2025-10-01,OPEN,9,8.0600004196167,1.13
2025-10-01,AAPL,2,255.4499969482422,0.32
2025-10-01,NBIS,6,115.61000061035156,2.97
2025-10-01,NVDA,19,187.2400054931641,0.35
2025-10-01,TSLA,20,459.4599914550781,3.31
2025-10-01,EOD,1,5.75,0.88
2025-10-01,CIFR,1,12.600000381469728,0.08
2025-10-01,GLD,11,356.0,0.15
2025-10-01,SLV,1,42.90999984741211,1.27
2025-10-01,QQQ,8,603.25,0.48
2025-10-01,YOU,4,31.739999771118164,-4.91
2025-10-01,IREN,3,47.08000183105469,0.32
2025-10-01,INTC,11,35.939998626708984,7.12
2025-10-01,GLXY,2,35.83000183105469,5.97
2025-10-01,NFLX,5,1170.9000244140625,-2.34
2025-10-01,AMZN,4,220.6300048828125,0.48
2025-10-01,AMD,18,164.00999450683594,1.37
2025-10-01,TEM,1,87.98999786376953,9.02
2025-10-01,META,6,717.3400268554688,-2.32
2025-10-01,ROKU,1,103.56999969482422,3.44
2025-10-01,PRME,1,5.590000152587891,0.9
2025-10-01,SBUX,1,84.4000015258789,-0.24
2025-10-01,GOOGL,6,244.8999938964844,0.74
2025-10-01,LLY,12,825.4199829101562,8.18
2025-10-01,TIL,1,19.100000381469727,6.94
2025-10-01,JNJ,2,186.0500030517578,0.34
2025-10-01,UNH,14,348.29998779296875,0.87
2025-10-01,CRWV,2,137.0500030517578,0.15
2025-10-01,BMNR,5,52.36000061035156,0.83
2025-10-01,MSFT,2,519.7100219726562,0.34
2025-10-01,VRT,1,161.58999633789062,7.11
2025-10-01,MELI,1,2176.909912109375,-6.85
2025-10-01,DOCU,1,68.97000122070312,-4.33
2025-10-01,HIVE,1,4.159999847412109,3.23
2025-10-01,LAC,15,7.039999961853027,23.29
2025-10-01,KSPI,1,79.5999984741211,-2.55
2025-10-01,RKT,1,19.59000015258789,1.08
2025-10-01,GDRX,1,5.03000020980835,18.91
2025-10-01,USA,3,6.380000114440918,0.63
2025-10-01,GAP,34,21.64999961853028,1.22
2025-10-01,LENZ,1,49.04999923706055,5.3
2025-10-01,UPST,4,52.130001068115234,2.62
2025-10-01,PFE,2,27.209999084472656,6.79
2025-10-01,DELL,1,149.67999267578125,5.58
2025-10-01,CGC,1,1.3799999952316284,-5.48
2025-10-01,BBAI,1,6.980000019073486,7.06
2025-10-01,STX,1,256.8399963378906,8.8
2025-10-01,TOVX,1,0.4020000100135803,-1.95
2025-10-01,SPT,1,12.470000267028809,-3.48
2025-10-01,PTON,2,8.670000076293945,-3.67
2025-10-01,LMT,1,499.0,-0.04
2025-10-01,XTIA,1,1.4700000286102295,0.0
2025-10-01,ELBM,1,1.5,22.95
2025-10-01,AMLIF,1,0.5199999809265137,8.33
2025-10-01,ASTS,1,56.93999862670898,16.01
2025-10-01,QBTS,1,25.6299991607666,3.72
2025-10-01,FOR,2,26.89999961853028,1.17
2025-10-01,DVLT,1,1.3600000143051147,24.77
2025-10-01,ADP,22,291.6099853515625,-0.64
2025-10-01,AVGO,2,333.3900146484375,1.05
2025-10-01,GSK,1,45.5099983215332,5.44
2025-10-01,GOOG,2,245.5399932861328,0.82
2025-10-01,MSTR,2,338.4100036621094,5.03
2025-10-01,SYM,1,58.09999847412109,7.79
2025-10-01,DTE,2,140.16000366210938,-0.9
2025-10-01,NVO,5,59.16999816894531,6.63
2025-10-01,QCOM,1,166.49000549316406,0.08
2025-10-01,ARM,2,150.3800048828125,6.28
2025-10-01,TSM,3,288.4700012207031,3.29
2025-10-01,ALL,6,210.67999267578125,-1.85
2025-10-01,PACS,7,14.029999732971191,2.18
2025-10-01,ENSG,2,174.4499969482422,0.97
2025-10-01,RBC,1,384.7999877929688,-1.41
2025-10-01,TBH,1,1.5499999523162842,-1.9
2025-10-01,CLOV,1,2.619999885559082,-14.38
2025-10-01,DJT,1,16.6200008392334,1.22
2025-10-01,GOOD,2,12.279999732971191,-0.32
2025-10-01,TKO,1,198.759994506836,-1.58
2025-10-01,RSI,3,20.049999237060547,-2.1
2025-10-01,HOOD,3,139.13999938964844,-2.82
2025-10-01,PATH,2,12.989999771118164,-2.91
2025-10-01,UAMY,1,7.550000190734863,21.77
2025-10-01,EDIT,1,3.549999952316284,2.31
2025-10-01,PLTR,6,184.9499969482422,1.39
2025-10-01,LULU,2,177.57000732421875,-0.2
2025-10-01,AEO,11,16.979999542236328,-0.76
2025-10-01,MU,1,182.1499938964844,8.86
2025-10-01,MRNA,2,27.600000381469727,6.85
2025-10-01,IBKR,1,68.77999877929688,-0.04
2025-10-01,CRCL,1,129.02999877929688,-2.68
2025-10-01,ICE,1,162.63999938964844,-3.47
2025-10-01,CARE,1,19.31999969482422,-0.46
2025-10-01,PORT,1,,
2025-10-01,CME,1,265.8399963378906,-1.61
2025-10-01,DIS,1,112.9499969482422,-1.35
2025-10-01,XYZ,1,73.4000015258789,1.56
2025-10-01,TACO,1,10.399999618530272,0.0
2025-10-01,DRH,1,7.960000038146973,0.0
2025-10-01,NOW,1,912.4299926757812,-0.85
2025-10-01,ARE,3,83.45999908447266,0.14
2025-10-01,KEY,1,18.51000022888184,-0.96
2025-10-01,RZLV,6,5.059999942779541,1.61
2025-10-01,CAR,2,159.00999450683594,-0.97
2025-10-01,ADD,1,,
2025-10-01,JPM,1,310.7099914550781,-1.5
2025-10-01,HAS,1,75.30999755859375,-0.71
2025-10-01,LOW,1,247.9900054931641,-1.32
2025-10-01,LEE,1,5.380000114440918,-1.1
2025-10-01,LDI,2,3.0799999237060547,0.33
2025-10-01,PMT,1,12.510000228881836,2.04
2025-10-01,HODL,2,33.2400016784668,2.69
2025-10-01,SNAP,25,7.710000038146973,0.0
2025-10-01,LOVE,1,16.700000762939453,-1.36
2025-10-01,IMO,2,90.01000213623047,-0.8
2025-10-01,TGT,1,89.13999938964844,-0.62
2025-10-01,LINK,1,14.359999656677246,12.89
2025-10-01,RBLX,1,134.07000732421875,-3.21
2025-10-01,CVNA,1,395.4100036621094,4.82
2025-10-01,JOBY,1,16.219999313354492,0.5
2025-10-01,ITT,1,180.6000061035156,1.03
2025-10-01,USAR,1,18.40999984741211,7.1
2025-10-01,PPTA,1,20.670000076293945,2.17
2025-10-01,SLI,1,3.809999942779541,13.06
2025-10-01,NAK,1,1.1799999475479126,-1.67
2025-10-01,UUUU,2,15.710000038146973,2.35
2025-10-01,TMC,1,6.940000057220459,8.95
2025-10-01,LAR,1,3.609999895095825,8.08
2025-10-01,BTC,2,52.04999923706055,2.8
2025-10-01,ETH,1,40.84999847412109,4.26
2025-10-01,ABAT,2,5.190000057220459,6.79
2025-10-01,DRI,2,192.3999938964844,1.07
2025-10-01,WAY,1,37.150001525878906,-2.03
2025-10-01,CRM,1,235.69000244140625,-0.55
2025-10-02,ASBP,1,0.4199999868869781,95.35
2025-10-02,FOUR,1,78.80000305175781,2.48
2025-10-02,CROX,1,86.19999694824219,1.41
2025-10-02,WING,1,265.25,1.02
2025-10-02,NBIS,26,125.87000274658205,8.87
2025-10-02,TSLA,64,436.0,-5.11
2025-10-02,ASTS,25,66.16000366210938,16.19
2025-10-02,RDDT,36,200.9199981689453,-0.83
2025-10-02,GLD,7,354.7900085449219,-0.35
2025-10-02,RZLV,7,6.275000095367432,24.01
2025-10-02,ALL,2,210.009994506836,-0.32
2025-10-02,AMZN,1,222.4100036621093,0.81
2025-10-02,BULL,5,14.380000114440918,1.91
2025-10-02,HOOD,7,145.6999969482422,4.71
2025-10-02,MSFT,7,515.739990234375,-0.76
2025-10-02,REAL,2,11.170000076293944,4.98
2025-10-02,LEE,1,5.425000190734863,0.84
2025-10-02,SPY,58,669.219970703125,0.12
2025-10-02,ARE,3,83.69999694824219,0.29
2025-10-02,BACK,1,,
2025-10-02,AMC,1,3.150000095367432,6.78
2025-10-02,PSA,1,289.1600036621094,-0.52
2025-10-02,GOOGL,13,245.69000244140625,0.32
2025-10-02,RBLX,2,133.5,-0.43
2025-10-02,INTC,9,37.29999923706055,3.78
2025-10-02,GOOG,2,246.42999267578125,0.36
2025-10-02,NFLX,3,1162.530029296875,-0.71
2025-10-02,AMD,14,169.72999572753906,3.49
2025-10-02,RUM,1,7.389999866485596,3.36
2025-10-02,CRSP,2,72.81999969482422,10.07
2025-10-02,QQQ,29,605.72998046875,0.41
2025-10-02,MPW,1,5.510000228881836,2.42
2025-10-02,LLY,6,819.8499755859375,-0.67
2025-10-02,PLUG,3,2.8299999237060547,-3.41
2025-10-02,ONDS,2,9.210000038146973,25.99
2025-10-02,META,9,727.0499877929688,1.35
2025-10-02,SNAP,39,8.220000267028809,6.61
2025-10-02,EOD,2,5.75,0.0
2025-10-02,CIFR,1,13.8100004196167,9.6
2025-10-02,NVDA,25,188.88999938964844,0.88
2025-10-02,UUUU,2,16.844999313354492,7.22
2025-10-02,PLTR,3,187.0500030517578,1.14
2025-10-02,MSTR,6,352.3299865722656,4.11
2025-10-02,HOND,1,16.8799991607666,5.11
2025-10-02,UEC,1,13.68000030517578,5.31
2025-10-02,NUKK,1,8.489999771118164,0.59
2025-10-02,NVO,1,58.7400016784668,-0.73
2025-10-02,CRSR,1,7.96999979019165,-7.86
2025-10-02,DNUT,1,3.759999990463257,-1.83
2025-10-02,TLRY,2,1.6100000143051147,-3.01
2025-10-02,CAN,2,1.3200000524520874,26.92
2025-10-02,MDAI,1,2.3499999046325684,2.62
2025-10-02,EOSE,1,12.359999656677246,-0.08
2025-10-02,PFE,5,27.07999992370605,-0.48
2025-10-02,DFLI,1,1.0700000524520874,78.63
2025-10-02,ORCL,4,288.7799987792969,-0.08
2025-10-02,AKA,1,9.743800163269045,0.97
2025-10-02,UNH,3,353.7200012207031,1.56
2025-10-02,IBM,1,286.7200012207031,0.08
2025-10-02,FUN,1,23.38999938964844,3.09
2025-10-02,HIMS,1,57.869998931884766,2.77
2025-10-02,ICE,8,160.97999572753906,-1.02
2025-10-02,FOR,6,26.84000015258789,-0.22
2025-10-02,USA,6,6.449999809265137,1.1
2025-10-02,REG,1,71.87999725341797,-0.29
2025-10-02,DAN,1,20.01000022888184,0.81
2025-10-02,YOU,5,31.540000915527344,-0.63
2025-10-02,PDT,4,13.350000381469728,-0.96
2025-10-02,IMO,5,89.22000122070312,-0.88
2025-10-02,TGT,8,89.51000213623047,0.42
2025-10-02,UPS,2,85.56999969482422,1.41
2025-10-02,LULU,2,178.1999969482422,0.35
2025-10-02,TJX,1,142.49000549316406,-1.27
2025-10-02,DAY,1,68.98999786376953,0.06
2025-10-02,IONQ,2,69.5999984741211,10.32
2025-10-02,RGTI,4,35.400001525878906,18.59
2025-10-02,QUBT,2,19.979999542236328,5.32
2025-10-02,QBTS,2,29.209999084472656,13.97
2025-10-02,SLDP,1,3.880000114440918,4.58
2025-10-02,PORT,1,,
2025-10-02,UPST,1,52.880001068115234,1.44
2025-10-02,FNGU,2,29.420000076293945,0.93
2025-10-02,BYD,2,87.01000213623047,-0.02
2025-10-02,CIA,2,5.130000114440918,-1.54
2025-10-02,DTE,2,139.27999877929688,-0.63
2025-10-02,WELL,1,175.5,-2.16
2025-10-02,LOVE,1,16.440000534057617,-1.56
2025-10-02,WAY,2,38.209999084472656,2.85
2025-10-02,HAS,1,75.16999816894531,-0.19
2025-10-02,LINK,4,13.359999656677246,-6.96
2025-10-02,CPA,1,119.94000244140624,2.0
2025-10-02,CTO,1,16.1299991607666,-0.55
2025-10-02,OKLO,1,128.8000030517578,11.1
2025-10-02,EDIT,1,3.890000104904175,9.58
2025-10-02,CVNA,1,394.7099914550781,-0.18
2025-10-02,AVGO,1,338.17999267578125,1.44
2025-10-02,AGI,1,34.40999984741211,-1.94
2025-10-02,LINE,1,40.02999877929688,1.24
2025-10-02,WHEN,1,9.999999747378752e-05,-33.33
2025-10-02,SAY,1,25.3031005859375,-0.3
2025-10-02,ASML,1,1030.1700439453125,2.68
2025-10-02,MTG,1,27.75,-1.25
2025-10-02,SLV,1,42.52999877929688,-0.89
2025-10-02,RKLB,2,52.470001220703125,9.38
2025-10-02,WTF,2,6.139999866485596,-1.29
2025-10-02,POET,1,6.5,9.43
2025-10-02,NVTS,1,8.194999694824219,12.26
2025-10-02,NOW,2,910.0999755859376,-0.26
2025-10-02,HODL,2,34.22999954223633,2.98
2025-10-02,NEM,1,86.43000030517578,0.56
2025-10-02,CME,9,265.42999267578125,-0.15
2025-10-02,BIT,1,13.4399995803833,0.07
2025-10-02,CORN,1,17.670000076293945,0.68
2025-10-02,SBS,1,23.950000762939453,-2.68
2025-10-02,ACHR,1,10.18000030517578,3.77
2025-10-02,RXRX,1,5.519999980926514,8.24
2025-10-02,NOV,1,13.229999542236328,-2.29
2025-10-02,DEC,1,13.890000343322754,-1.21
2025-10-02,ARR,3,15.520000457763672,0.65
2025-10-02,BRO,1,93.4499969482422,0.74
2025-10-02,AAPL,4,257.1300048828125,0.66
2025-10-02,ABCL,2,5.980000019073486,0.34
2025-10-02,NTLA,1,20.440000534057617,8.96
2025-10-02,NUVB,1,3.7100000381469727,0.27
2025-10-02,MRNA,1,28.3700008392334,2.79
2025-10-02,NVAX,1,9.550000190734863,0.53
2025-10-02,JOBY,1,17.799999237060547,9.74
2025-10-02,OPEN,1,8.010000228881836,-0.62
2025-10-02,SORA,1,5.309999942779541,10.62
2025-10-02,STX,1,254.7400054931641,-0.82
2025-10-02,IBKR,1,70.94999694824219,3.15
2025-10-02,SOL,2,1.8799999952316284,0.0
2025-10-02,TMO,1,524.9600219726562,-1.09
2025-10-02,ATCH,1,0.4731000065803528,3.3
2025-10-02,LDI,1,3.0299999713897705,-1.62
2025-10-02,ADP,3,289.8699951171875,-0.6
2025-10-02,TDS,2,39.25,-0.38
2025-10-02,TACO,1,10.40999984741211,0.1
2025-10-02,AXSM,1,119.94000244140624,1.16
2025-10-02,RSI,1,19.299999237060547,-3.74
2025-10-03,BROS,3,50.54999923706055,-3.4
2025-10-03,GRND,1,14.140000343322754,-4.2
2025-10-03,FOR,4,27.030000686645508,0.71
2025-10-03,HAS,2,75.88999938964844,0.96
2025-10-03,BACK,1,0.0820000022649765,15.49
2025-10-03,NEXT,9,7.039999961853027,7.48
2025-10-03,SPY,53,669.239990234375,0.0
2025-10-03,SNAP,3,8.539999961853027,3.89
2025-10-03,RKLB,9,56.15999984741211,7.03
2025-10-03,PLTR,12,173.07000732421875,-7.47
2025-10-03,COIN,6,380.0199890136719,2.14
2025-10-03,META,12,710.5599975585938,-2.27
2025-10-03,UUUU,4,16.520000457763672,-1.78
2025-10-03,AMZN,7,219.509994506836,-1.3
2025-10-03,GLD,5,357.5899963378906,0.79
2025-10-03,ASML,2,1032.219970703125,0.2
2025-10-03,MSTR,1,351.6300048828125,-0.2
2025-10-03,CRWD,1,489.8800048828125,-1.39
2025-10-03,LAC,8,9.039999961853027,31.78
2025-10-03,QQQ,7,603.1799926757812,-0.42
2025-10-03,ACHR,3,11.56999969482422,13.65
2025-10-03,ONDS,4,9.90999984741211,7.6
2025-10-03,OSCR,1,21.65999984741211,12.34
2025-10-03,INTC,3,36.83000183105469,-1.26
2025-10-03,AMD,5,164.6699981689453,-2.98
2025-10-03,OPEN,13,8.109999656677246,1.25
2025-10-03,RGTI,17,40.060001373291016,13.16
2025-10-03,VKTX,1,29.71999931335449,6.6
2025-10-03,NFLX,1,1153.3199462890625,-0.79
2025-10-03,IREN,12,50.459999084472656,7.32
2025-10-03,MCD,2,300.9800109863281,0.37
2025-10-03,TSLA,14,429.8299865722656,-1.42
2025-10-03,FEMY,1,0.6301000118255615,51.83
2025-10-03,PSKY,1,19.09000015258789,2.52
2025-10-03,NVDA,4,187.6199951171875,-0.67
2025-10-03,GOOG,9,246.4499969482422,0.01
2025-10-03,UPST,1,51.959999084472656,-1.74
2025-10-03,HIMS,3,52.540000915527344,-9.21
2025-10-03,SES,1,2.059999942779541,17.71
2025-10-03,GOOGL,15,245.3500061035156,-0.14
2025-10-03,CCL,1,28.56999969482422,-0.97
2025-10-03,NEGG,1,46.70000076293945,5.42
2025-10-03,NYC,2,9.784099578857422,-4.08
2025-10-03,WTF,3,6.070000171661377,-1.14
2025-10-03,LHX,1,297.3900146484375,0.44
2025-10-03,IMO,7,90.04000091552734,0.92
2025-10-03,GAP,2,21.59000015258789,-0.69
2025-10-03,PDT,1,13.380000114440918,0.22
2025-10-03,PFE,1,27.3700008392334,1.07
2025-10-03,HODL,2,34.7599983215332,1.55
2025-10-03,WHEN,1,9.999999747378752e-05,-50.0
2025-10-03,BITF,3,3.009999990463257,2.73
2025-10-03,BTC,3,54.43000030517578,1.55
2025-10-03,RR,3,6.179999828338623,19.77
2025-10-03,CRWV,4,134.7899932861328,-2.33
2025-10-03,LNG,3,232.27999877929688,0.21
2025-10-03,VG,1,13.949999809265137,1.23
2025-10-03,CCCX,2,14.449999809265137,8.65
2025-10-03,CCCXW,1,4.420000076293945,
2025-10-03,NBIS,26,127.9800033569336,1.68
2025-10-03,GLXY,1,36.15999984741211,-0.99
2025-10-03,APLD,15,26.530000686645508,0.23
2025-10-03,HOOD,8,148.6699981689453,2.04
2025-10-03,DELL,1,140.74000549316406,-4.5
2025-10-03,AAPL,5,258.0199890136719,0.35
2025-10-03,SPOT,1,680.5,-3.79
2025-10-03,MSFT,21,517.3499755859375,0.31
2025-10-03,ASTS,16,67.76000213623047,2.42
2025-10-03,CAVA,1,63.52999877929688,0.46
2025-10-03,PEW,2,4.960000038146973,1.64
2025-10-03,QBTS,2,32.70000076293945,11.95
2025-10-03,RZLV,3,6.789999961853027,8.21
2025-10-03,CIFR,2,14.699999809265137,6.44
2025-10-03,REAL,5,10.989999771118164,-1.61
2025-10-03,YOU,11,31.770000457763672,0.73
2025-10-03,AZZ,7,108.37000274658205,-0.67
2025-10-03,AEHR,1,31.020000457763672,-3.81
2025-10-03,MGM,1,33.93000030517578,-2.36
2025-10-03,DAL,3,57.2599983215332,0.32
2025-10-03,PENG,1,27.75,1.06
2025-10-03,TLRY,4,1.6200000047683716,0.62
2025-10-03,BYRN,1,22.600000381469727,1.57
2025-10-03,PEP,1,141.97999572753906,-0.23
2025-10-03,HELE,1,26.440000534057617,3.85
2025-10-03,GRAB,2,6.159999847412109,1.82
2025-10-03,UNH,1,360.20001220703125,1.83
2025-10-03,GOOD,3,12.15999984741211,-0.33
2025-10-03,TILE,1,27.6299991607666,-1.5
2025-10-03,CASH,1,73.66000366210938,0.16
2025-10-03,OUT,4,18.14999961853028,-0.66
2025-10-03,NOW,2,912.3599853515624,0.25
2025-10-03,USA,2,6.46999979019165,0.31
2025-10-03,ABAT,1,4.880000114440918,-2.59
2025-10-03,UURAF,1,5.099999904632568,8.51
2025-10-03,DTE,1,140.00999450683594,0.52
2025-10-03,DUOL,1,322.6300048828125,3.08
2025-10-03,LLY,3,839.8699951171875,2.44
2025-10-03,MVST,1,4.559999942779541,2.01
2025-10-03,OKLO,2,127.36000061035156,-1.12
2025-10-03,MPW,1,5.539999961853027,0.54
2025-10-03,GME,2,25.3799991607666,-6.76
2025-10-03,HUT,1,40.09999847412109,2.72
2025-10-03,EOSE,1,12.600000381469728,1.94
2025-10-03,CAN,2,1.309999942779541,-0.76
2025-10-03,DFLI,1,1.8899999856948853,76.64
2025-10-03,PLUG,1,3.809999942779541,34.63
2025-10-03,BABA,1,188.02999877929688,-0.69
2025-10-03,GLW,1,83.55999755859375,1.26
2025-10-03,RBLX,1,122.69000244140624,-8.1
2025-10-03,RDDT,14,207.1999969482422,3.13
2025-10-03,ICE,1,162.6199951171875,1.02
2025-10-03,PUMP,1,5.519999980926514,2.79
2025-10-03,ALL,1,210.82000732421875,0.39
2025-10-03,EOD,2,5.739999771118164,-0.17
2025-10-03,USAR,3,25.959999084472656,14.31
2025-10-03,TOP,1,1.2999999523162842,1.56
2025-10-03,ING,1,25.780000686645508,-0.08
2025-10-03,TEAM,1,150.49000549316406,-0.37
2025-10-03,LUCK,1,10.5600004196167,5.18
2025-10-03,AGI,1,34.0099983215332,-1.16
2025-10-03,CVNA,2,375.7200012207031,-4.81
2025-10-03,FLY,1,27.3700008392334,2.13
2025-10-03,BAC,1,50.63999938964844,0.32
2025-10-03,LINK,1,12.5600004196167,-5.99
2025-10-03,LEU,1,343.489990234375,-1.6
2025-10-03,UAMY,1,7.744999885559082,3.13
2025-10-03,PPTA,1,21.84000015258789,3.95
2025-10-03,IDR,1,35.029998779296875,0.83
2025-10-03,RCAT,1,12.890000343322754,11.89
2025-10-03,AVAV,1,374.6400146484375,3.99
2025-10-03,RDW,1,10.729999542236328,3.57
2025-10-03,AVGO,1,338.3699951171875,0.06
2025-10-03,CTVA,1,63.369998931884766,-0.19
2025-10-03,JOBY,2,18.26000022888184,2.58
2025-10-03,KTOS,1,96.19000244140624,1.22
2025-10-03,BDC,1,118.0,0.45
2025-10-03,ARCC,1,20.14999961853028,-1.18
2025-10-03,TFSA,1,,
2025-10-03,CRCL,4,145.77999877929688,-2.63
2025-10-03,GAIN,1,13.949999809265137,-0.14
2025-10-03,ETH,1,42.63999938964844,0.61
2025-10-03,PONY,5,23.670000076293945,-1.62
2025-10-03,WRD,4,10.970000267028809,-2.66
2025-10-03,QUBT,1,24.6200008392334,23.22
2025-10-04,ASTS,14,,
2025-10-04,LUNR,4,,
2025-10-04,RDW,3,,
2025-10-04,RDDT,4,,
2025-10-04,RBC,1,,
2025-10-04,PLTR,19,,
2025-10-04,DUOL,2,,
2025-10-04,SOFI,1,,
2025-10-04,UNH,4,,
2025-10-04,HOOD,2,,
2025-10-04,OPEN,3,,
2025-10-04,GOOG,1,,
2025-10-04,NVDA,5,,
2025-10-04,CRWD,2,,
2025-10-04,RBRK,1,,
2025-10-04,ATAI,1,,
2025-10-04,BLSH,1,,
2025-10-04,TTD,1,,
2025-10-04,PLNT,1,,
2025-10-04,CRWV,1,,
2025-10-04,ORCL,1,,
2025-10-04,REAL,1,,
2025-10-04,AAPL,1,,
2025-10-04,RGTI,6,,
2025-10-04,QBTS,1,,
2025-10-04,QUBT,1,,
2025-10-04,IONQ,4,,
2025-10-04,IBKR,4,,
2025-10-04,YOU,1,,
2025-10-04,DVLT,1,,
2025-10-04,BULL,3,,
2025-10-04,PSTV,1,,
2025-10-04,PLUG,2,,
2025-10-04,IBM,3,,
2025-10-04,AKA,1,,
2025-10-04,ARQQ,1,,
2025-10-04,WOLF,2,,
2025-10-04,RZLV,1,,
2025-10-04,IMO,2,,
2025-10-04,CRML,6,,
2025-10-04,SOAR,1,,
2025-10-04,USAR,1,,
2025-10-04,TMC,1,,
2025-10-04,LAC,1,,
2025-10-04,CAN,2,,
2025-10-04,TIL,1,,
2025-10-04,TSLA,2,,
2025-10-04,DTE,1,,
2025-10-04,BTC,3,,
2025-10-04,NBIS,1,,
2025-10-04,RKLB,2,,
2025-10-04,LINK,1,,
2025-10-04,WDAY,2,,
2025-10-04,TWLO,2,,
2025-10-04,ASAN,1,,
2025-10-04,DOCU,2,,
2025-10-04,TDOC,1,,
2025-10-04,ABNB,1,,
2025-10-04,ABAT,1,,
2025-10-04,ONDS,9,,
2025-10-04,BRO,1,,
2025-10-04,MVST,1,,
2025-10-04,PHD,2,,
2025-10-04,SPY,4,,
2025-10-04,BURU,1,,
2025-10-04,KTOS,1,,
2025-10-04,UPS,3,,
2025-10-04,IBIT,1,,
2025-10-04,LOW,1,,
2025-10-04,QQQ,2,,
2025-10-04,IREN,10,,
2025-10-04,CIFR,1,,
2025-10-04,APLD,1,,
2025-10-04,GRAB,1,,
2025-10-04,MSFT,1,,
2025-10-05,PLUG,3,,
2025-10-05,UP,1,,
2025-10-05,AZZ,1,,
2025-10-05,NBIS,6,,
2025-10-05,MSTR,3,,
2025-10-05,IREN,30,,
2025-10-05,CRWV,5,,
2025-10-05,APLD,2,,
2025-10-05,ACHR,2,,
2025-10-05,LAC,3,,
2025-10-05,ONDS,1,,
2025-10-05,ASTS,3,,
2025-10-05,RDDT,1,,
2025-10-05,NFLX,2,,
2025-10-05,SPY,2,,
2025-10-05,RKLB,4,,
2025-10-05,TEM,1,,
2025-10-05,RR,1,,
2025-10-05,META,1,,
2025-10-05,NEGG,1,,
2025-10-05,AMPX,1,,
2025-10-05,ABAT,1,,
2025-10-05,NVTS,1,,
2025-10-05,WEN,1,,
2025-10-05,QUBT,14,,
2025-10-05,QBTS,4,,
2025-10-05,PLTR,6,,
2025-10-05,PATH,2,,
2025-10-05,CHWY,1,,
2025-10-05,FEMY,1,,
2025-10-05,SOFI,1,,
2025-10-05,GPUS,1,,
2025-10-05,CGC,1,,
2025-10-05,TMC,1,,
2025-10-05,BTC,2,,
2025-10-05,COIN,1,,
2025-10-05,HOOD,2,,
2025-10-05,NVDA,2,,
2025-10-05,CRCL,2,,
2025-10-05,BLSH,1,,
2025-10-05,AAPL,3,,
2025-10-05,ANY,1,,
2025-10-05,JPM,1,,
2025-10-05,BAC,1,,
2025-10-05,AA,2,,
2025-10-05,TACO,1,,
2025-10-05,UUUU,1,,
2025-10-05,BTU,1,,
2025-10-05,USAR,1,,
2025-10-05,BULL,2,,
2025-10-05,FIG,1,,
2025-10-05,OPEN,4,,
2025-10-05,INTC,1,,
2025-10-05,OKLO,4,,
2025-10-05,IBM,10,,
2025-10-05,HOUR,1,,
2025-10-05,BURU,1,,
2025-10-05,RGTIW,1,,
2025-10-05,IONQ,4,,
2025-10-05,CCCX,1,,
2025-10-05,CCCXW,1,,
2025-10-05,HSBC,1,,
2025-10-05,MSFT,2,,
2025-10-05,RGTI,3,,
2025-10-05,CCL,9,,
2025-10-05,GOOGL,1,,
2025-10-05,QCOM,1,,
2025-10-05,RCL,2,,
2025-10-05,NCLH,1,,
2025-10-05,CNC,1,,
2025-10-05,UNH,1,,
2025-10-05,DVLT,1,,
2025-10-05,CLSK,3,,
2025-10-05,CIFR,3,,
2025-10-05,RUM,1,,
2025-10-05,LINK,1,,
2025-10-05,SMR,2,,
2025-10-05,UEC,1,,
2025-10-05,HIVE,1,,
2025-10-05,EOSE,2,,
2025-10-05,LSE,1,,
2025-10-06,AMD,397,203.7100067138672,23.71
2025-10-06,TSLA,14,453.25,5.45
2025-10-06,META,3,715.6599731445312,0.72
2025-10-06,RDDT,8,203.6300048828125,-1.72
2025-10-06,ASTS,31,72.9000015258789,7.59
2025-10-06,UNH,2,358.7699890136719,-0.4
2025-10-06,DKNG,2,34.97999954223633,-1.1
2025-10-06,BULL,4,13.710000038146973,-3.38
2025-10-06,GLD,8,364.3800048828125,1.88
2025-10-06,SLV,2,44.060001373291016,1.24
2025-10-06,PAAS,1,40.02999877929688,2.46
2025-10-06,DAY,1,69.01000213623047,0.07
2025-10-06,OPEN,41,9.279999732971191,14.43
2025-10-06,HOOD,20,144.25999450683594,-2.97
2025-10-06,SPY,17,671.6099853515625,0.36
2025-10-06,APP,16,587.0,-14.03
2025-10-06,GOOGL,5,250.42999267578125,2.07
2025-10-06,NBIS,9,124.94000244140624,-2.38
2025-10-06,ACHR,20,13.640000343322754,17.89
2025-10-06,LIVE,2,18.40999984741211,1.71
2025-10-06,BBAI,1,7.690000057220459,6.95
2025-10-06,AMZN,10,220.8999938964844,0.63
2025-10-06,UUUU,1,16.90999984741211,2.36
2025-10-06,LAC,2,8.449999809265137,-6.53
2025-10-06,MSTR,5,359.69000244140625,2.29
2025-10-06,RZLV,2,6.554999828338623,-3.46
2025-10-06,PATH,8,14.520000457763672,12.56
2025-10-06,SOFI,2,26.36000061035156,4.44
2025-10-06,HIVE,1,5.570000171661377,25.17
2025-10-06,TIL,2,18.43000030517578,1.82
2025-10-06,AGO,1,83.7300033569336,-0.65
2025-10-06,YOU,11,31.030000686645508,-2.33
2025-10-06,ARE,5,79.98999786376953,-4.55
2025-10-06,SNAP,3,8.520000457763672,-0.23
2025-10-06,RCAT,1,14.579999923706056,13.11
2025-10-06,MSFT,10,528.5700073242188,2.17
2025-10-06,RKLB,8,58.5,4.17
2025-10-06,ONMD,1,2.559999942779541,148.54
2025-10-06,NVDA,45,185.5399932861328,-1.11
2025-10-06,EXP,1,236.13999938964844,0.66
2025-10-06,QUBT,1,22.15999984741211,-9.99
2025-10-06,RGTI,3,41.709999084472656,4.12
2025-10-06,WAY,1,38.27000045776367,-0.96
2025-10-06,LOW,1,241.6699981689453,-1.9
2025-10-06,PLTR,4,179.52999877929688,3.73
2025-10-06,STZ,16,138.7100067138672,-2.45
2025-10-06,EOD,1,5.71999979019165,-0.35
2025-10-06,AVGO,7,335.489990234375,-0.85
2025-10-06,RXRX,1,5.53000020980835,0.73
2025-10-06,OKLO,4,138.55999755859375,8.79
2025-10-06,NVO,2,59.650001525878906,0.03
2025-10-06,CRML,3,11.59000015258789,45.24
2025-10-06,NEGG,1,53.720001220703125,15.03
2025-10-06,PYPL,4,71.29000091552734,2.95
2025-10-06,AEHR,2,31.64999961853028,2.03
2025-10-06,BITF,4,3.4600000381469727,14.95
2025-10-06,IREN,4,57.75,14.45
2025-10-06,PLUG,2,4.130000114440918,8.4
2025-10-06,MCD,2,296.0400085449219,-1.64
2025-10-06,NAK,1,1.5099999904632568,14.39
2025-10-06,GOOG,6,251.509994506836,2.05
2025-10-06,QQQ,4,607.7100219726562,0.75
2025-10-06,ALL,3,208.8300018310547,-0.94
2025-10-06,WEN,1,9.329999923706056,-2.3
2025-10-06,CIFR,1,15.34000015258789,4.35
2025-10-06,ALAB,1,220.8099975585937,10.0
2025-10-06,CVNA,2,369.6000061035156,-1.63
2025-10-06,ARM,4,156.22000122070312,2.35
2025-10-06,IBKR,2,69.61000061035156,-1.07
2025-10-06,EOSE,1,13.859999656677246,10.0
2025-10-06,AMPX,2,13.4399995803833,5.49
2025-10-06,POET,3,6.380000114440918,2.57
2025-10-06,BIT,3,13.350000381469728,-0.37
2025-10-06,IBIT,4,71.29000091552734,2.12
2025-10-06,NEM,2,88.51000213623047,1.9
2025-10-06,TSM,2,302.3999938964844,3.49
2025-10-06,CRSP,1,70.19000244140625,3.62
2025-10-06,NTLA,1,20.540000915527344,2.91
2025-10-06,IBM,2,289.4200134277344,0.36
2025-10-06,FIG,3,56.959999084472656,7.39
2025-10-06,CRCL,1,148.50999450683594,1.87
2025-10-06,AGI,2,34.7400016784668,2.15
2025-10-06,APLD,4,27.709999084472656,4.45
2025-10-06,IMO,4,91.0500030517578,1.12
2025-10-06,USA,4,6.440000057220459,-0.46
2025-10-06,GPUS,1,0.6200000047683716,14.81
2025-10-06,GLXY,1,38.84000015258789,7.41
2025-10-06,WTF,7,6.110000133514404,0.66
2025-10-06,RKT,9,16.940000534057617,-4.83
2025-10-06,COOP,6,,
2025-10-06,LDI,4,2.9200000762939453,-2.67
2025-10-06,GRAB,7,6.389999866485596,3.73
2025-10-06,UBER,2,100.0999984741211,3.62
2025-10-06,CRWV,1,133.85000610351562,-0.7
2025-10-06,IRS,2,11.5,0.0
2025-10-06,INTC,5,36.59000015258789,-0.65
2025-10-06,ASML,1,1043.300048828125,1.07
2025-10-06,LOT,1,2.259999990463257,6.1
2025-10-06,WELL,3,174.13999938964844,-0.51
2025-10-06,SEE,1,36.209999084472656,-1.17
2025-10-06,PDT,6,13.369999885559082,-0.07
2025-10-06,GAIN,3,13.850000381469728,-0.72
2025-10-06,CCCX,1,15.989999771118164,10.66
2025-10-06,ELSE,1,4.880000114440918,1.46
2025-10-06,VZ,1,41.43999862670898,-5.11
2025-10-06,IONQ,6,78.98999786376953,7.79
2025-10-06,ABAT,1,5.360000133514404,9.84
2025-10-06,TURN,1,,
2025-10-06,FOR,5,26.540000915527344,-1.81
2025-10-06,LOVE,2,16.1299991607666,-3.64
2025-10-06,MAMA,1,10.529999732971191,-1.03
2025-10-06,EDIT,2,3.799999952316284,-3.06
2025-10-06,MARA,3,20.56999969482422,9.3
2025-10-06,BTC,10,55.56999969482422,2.09
2025-10-06,DJT,1,17.6200008392334,1.61
2025-10-06,ORCL,5,291.5899963378906,1.9
2025-10-06,COO,1,70.11000061035156,-0.5
2025-10-06,LEN,1,126.38999938964844,-2.83
2025-10-06,CIO,1,6.960000038146973,-0.43
2025-10-06,CAN,2,1.3200000524520874,0.76
2025-10-06,PHD,1,9.9399995803833,-0.4
2025-10-06,NYC,1,9.880000114440918,0.98
2025-10-06,OUT,2,18.100000381469727,-0.28
2025-10-06,AIR,1,83.3499984741211,1.89
2025-10-06,NOW,6,912.8400268554688,0.05
2025-10-06,FUBO,1,3.920000076293945,-1.01
2025-10-06,QBTS,1,35.02000045776367,7.09
2025-10-06,SLM,1,27.1200008392334,-1.56
2025-10-06,SON,1,42.68000030517578,-1.48
2025-10-06,LINK,1,11.869999885559082,-5.49
2025-10-06,NYT,1,55.560001373291016,-0.13
2025-10-06,SNDK,1,121.16999816894533,-5.64
2025-10-06,STX,1,242.8300018310547,-3.94
2025-10-06,TXN,1,181.8099975585937,0.83
2025-10-06,AAPL,1,256.69000244140625,-0.52
2025-10-06,AREN,2,5.110000133514404,3.23
2025-10-06,POST,1,106.75,-0.49
2025-10-06,CASH,1,74.0,0.46
2025-10-06,ARR,1,15.460000038146973,-0.19
2025-10-06,AMC,1,2.900000095367432,-5.23
2025-10-06,NEXT,2,7.340000152587891,4.26
2025-10-06,PUMP,1,5.510000228881836,-0.18
2025-10-06,PURE,1,,
2025-10-06,COIN,1,386.0700073242188,1.59
2025-10-06,ADM,1,62.45000076293945,2.31
2025-10-06,FIX,1,825.4199829101562,0.91
2025-10-06,TACO,1,10.425000190734863,0.24
2025-10-06,NAN,1,11.449999809265137,0.44
2025-10-06,NRG,3,163.9499969482422,-1.4
2025-10-06,DOCN,1,38.38999938964844,2.73
2025-10-06,DLR,1,176.9600067138672,0.35
2025-10-06,BURU,1,0.2549999952316284,14.35
2025-10-06,DFLI,1,1.4199999570846558,-24.87
2025-10-06,HODL,1,35.4900016784668,2.1
2025-10-06,ASST,1,2.5299999713897705,-2.69
2025-10-06,ROOT,1,83.23999786376953,-4.06
2025-10-06,LMT,1,514.239990234375,1.93
2025-10-06,DVLT,6,2.0799999237060547,55.22
2025-10-06,IPA,1,,
2025-10-06,ICE,2,159.05999755859375,-2.19
2025-10-06,BUD,1,58.5099983215332,-1.76
2025-10-06,CMG,1,41.630001068115234,-0.31
2025-10-06,SBUX,1,82.11000061035156,-4.99
2025-10-06,DEO,1,94.37999725341795,-1.96
2025-10-07,ACHR,25,12.479999542236328,-8.5
2025-10-07,TSLA,8,433.0899963378906,-4.45
2025-10-07,POET,210,7.880000114440918,23.51
2025-10-07,LDI,2,2.930000066757202,0.34
2025-10-07,GOOGL,4,245.75999450683597,-1.86
2025-10-07,ASTS,8,74.75,2.54
2025-10-07,RGTI,3,43.90999984741211,5.27
2025-10-07,GLD,12,366.260009765625,0.52
2025-10-07,SPY,28,669.1199951171875,-0.37
2025-10-07,IREN,37,61.68000030517578,6.81
2025-10-07,ORCL,6,284.239990234375,-2.52
2025-10-07,NBIS,16,117.6999969482422,-5.79
2025-10-07,HIVE,2,6.199999809265137,11.31
2025-10-07,ALL,9,211.7899932861328,1.42
2025-10-07,DAY,1,68.98999786376953,-0.03
2025-10-07,OPEN,15,9.289999961853027,0.11
2025-10-07,QQQ,7,604.510009765625,-0.53
2025-10-07,APP,5,631.8499755859375,7.64
2025-10-07,NFLX,2,1191.06005859375,2.39
2025-10-07,PATH,12,14.81999969482422,2.07
2025-10-07,SRPT,1,23.1200008392334,-0.6
2025-10-07,BULL,3,12.800000190734863,-6.64
2025-10-07,AMAT,1,211.55999755859372,-5.52
2025-10-07,COST,1,914.7999877929688,0.42
2025-10-07,AMZN,11,221.77999877929688,
2025-10-07,META,2,713.0800170898438,-0.36
2025-10-07,WTF,6,5.96999979019165,
2025-10-07,YOU,6,30.899999618530277,-0.42
2025-10-07,HOOD,2,145.0,0.51
2025-10-07,PFE,1,26.270000457763672,
2025-10-07,NVO,5,59.02000045776367,-1.06
2025-10-07,TSM,2,294.0299987792969,-2.77
2025-10-07,MSTR,1,328.3999938964844,-8.7
2025-10-07,KVUE,4,16.219999313354492,3.38
2025-10-07,FOR,4,25.790000915527344,-2.83
2025-10-07,NOW,3,904.239990234375,-0.94
2025-10-07,JOBY,1,18.90999984741211,-3.37
2025-10-07,TLRY,15,1.7100000381469729,8.23
2025-10-07,AMD,78,211.50999450683597,3.83
2025-10-07,BITF,14,3.470000028610229,0.29
2025-10-07,GGAL,1,27.799999237060547,-3.44
2025-10-07,BTO,1,35.400001525878906,-0.73
2025-10-07,UNH,3,363.6600036621094,1.36
2025-10-07,RKLB,5,61.5099983215332,5.15
2025-10-07,STZ,1,140.13999938964844,1.03
2025-10-07,HIMS,1,57.970001220703125,5.86
2025-10-07,MARA,1,20.25,-1.56
2025-10-07,BTBT,3,3.740000009536743,-1.06
2025-10-07,PWR,1,421.510009765625,-1.47
2025-10-07,DOCU,1,69.94000244140625,-3.09
2025-10-07,CORZ,1,17.100000381469727,-4.52
2025-10-07,AEVA,1,17.639999389648438,3.34
2025-10-07,PORT,1,,
2025-10-07,BAH,1,104.04000091552734,0.39
2025-10-07,PENG,1,27.0,-7.85
2025-10-07,RDW,1,10.970000267028809,-2.23
2025-10-07,NVDA,23,185.0399932861328,-0.27
2025-10-07,CIFR,1,15.75,2.67
2025-10-07,TIL,1,18.57999992370605,0.81
2025-10-07,NEXT,1,7.440000057220459,1.36
2025-10-07,CRWV,1,128.8300018310547,
2025-10-07,TMC,1,9.279999732971191,20.21
2025-10-07,IONQ,3,79.2300033569336,
2025-10-07,PACS,2,13.300000190734863,-3.97
2025-10-07,CAN,1,1.2699999809265137,-3.79
2025-10-07,RR,1,7.059999942779541,7.29
2025-10-07,AAPL,12,256.4800109863281,-0.08
2025-10-07,MSFT,2,,
2025-10-07,TOVX,1,0.5242000222206116,27.85
2025-10-07,PYPL,3,74.61000061035156,4.66
2025-10-07,HOG,1,26.8799991607666,1.28
2025-10-07,LINK,5,11.104999542236328,
2025-10-07,CTO,1,15.350000381469728,-1.41
2025-10-07,ALAB,2,212.1000061035156,-3.94
2025-10-07,ANET,2,145.2899932861328,-2.82
2025-10-07,IRS,3,11.359999656677246,-1.22
2025-10-07,TTD,2,53.4900016784668,0.66
2025-10-07,GOOG,1,247.1300048828125,-1.74
2025-10-07,BBAI,2,7.440000057220459,-3.25
2025-10-07,LYFT,1,21.18000030517578,-2.58
2025-10-07,SNAP,1,8.130000114440918,-4.58
2025-10-07,GLDM,1,78.81999969482422,0.55
2025-10-07,AVGO,1,336.4100036621094,0.27
2025-10-07,GMWKF,2,,
2025-10-07,MTG,1,27.040000915527344,-0.7
2025-10-07,INTC,4,37.16999816894531,1.59
2025-10-07,SES,2,2.7100000381469727,11.52
2025-10-07,DJT,1,17.020000457763672,-3.41
2025-10-07,RDDT,3,205.9199981689453,1.12
2025-10-07,UUUU,1,17.59000015258789,4.02
2025-10-07,LLY,1,843.6300048828125,-0.17
2025-10-07,ARE,2,78.08999633789062,-2.38
2025-10-07,HIT,1,3.549999952316284,-5.84
2025-10-07,EOD,3,5.78000020980835,1.05
2025-10-07,EVER,1,22.229999542236328,-0.4
2025-10-07,SOFI,5,28.13999938964844,6.75
2025-10-07,PSA,1,293.5299987792969,0.94
2025-10-07,RIOT,2,21.46999931335449,-0.42
2025-10-07,WULF,1,12.100000381469728,1.09
2025-10-07,HUT,1,41.72999954223633,0.75
2025-10-07,ASST,1,2.0999999046325684,-17.0
2025-10-07,APLD,1,27.299999237060547,
2025-10-07,RKT,1,16.280000686645508,-3.9
2025-10-07,OKLO,2,134.1199951171875,-3.2
2025-10-07,PLUG,2,3.869999885559082,-6.3
2025-10-07,AREN,1,4.869999885559082,-4.7
2025-10-07,BACK,1,,
2025-10-07,PAY,1,32.33000183105469,-2.03
2025-10-07,CARE,1,19.459999084472656,0.26
2025-10-07,HAS,1,74.83000183105469,0.07
2025-10-07,LOW,1,239.88999938964844,-0.74
2025-10-07,GMED,1,59.310001373291016,-1.43
2025-10-07,RUN,1,19.459999084472656,1.09
2025-10-07,OUT,1,17.729999542236328,-2.04
2025-10-07,PUMP,2,5.440000057220459,-1.27
2025-10-07,LOT,2,2.130000114440918,
2025-10-07,ROG,2,82.38999938964844,-2.49
2025-10-07,AKA,1,9.420000076293944,-7.17
2025-10-07,IMO,1,90.75,-0.33
2025-10-07,RIVN,1,13.260000228881836,-1.78
2025-10-07,USA,1,6.400000095367432,-0.62
2025-10-07,BMO,1,128.69000244140625,-0.44
2025-10-07,SAFE,1,15.020000457763672,-0.99
2025-10-07,FCF,2,16.829999923706055,-1.0
2025-10-07,CGC,1,1.4500000476837158,4.32
2025-10-07,THC,1,204.8300018310547,
2025-10-07,MOD,1,149.82000732421875,-2.66
2025-10-07,UPST,1,51.810001373291016,
2025-10-07,AFRM,1,76.6500015258789,1.04
2025-10-07,PGY,1,30.26000022888184,2.06
2025-10-07,GROW,1,2.694999933242798,-2.0
2025-10-07,TWO,1,9.649999618530272,
2025-10-07,ELS,2,62.02999877929688,0.42
2025-10-07,SMTC,1,70.91000366210938,4.02
2025-10-07,PLAY,1,17.690000534057617,-1.89
2025-10-07,ARM,1,159.34500122070312,2.0
2025-10-07,BRO,1,95.5500030517578,1.18
2025-10-07,LWLG,2,4.639999866485596,-6.07
2025-10-07,COO,1,69.0199966430664,
2025-10-07,CAI,2,31.57999992370605,-3.75
2025-10-07,GAP,1,21.06999969482422,
2025-10-07,ANY,1,0.8489999771118164,-5.25
2025-10-07,JOE,1,47.16999816894531,-1.28
2025-10-07,LUMN,1,6.909999847412109,-3.49
2025-10-07,SMR,1,39.209999084472656,-6.51
2025-10-07,LEU,1,370.0700073242188,3.87
2025-10-07,PLTR,1,182.1699981689453,1.47
2025-10-07,AGI,1,33.529998779296875,-3.48
2025-10-07,HODL,2,34.40999984741211,-3.04
2025-10-07,GDXU,1,209.8699951171875,-5.57
2025-10-08,POET,128,9.220000267028809,17.01
2025-10-08,BKSY,2,30.06999969482422,-0.27
2025-10-08,OPEN,25,8.489999771118164,-8.61
2025-10-08,GTLB,1,47.34000015258789,2.58
2025-10-08,UNH,17,369.9200134277344,1.72
2025-10-08,AMD,73,235.55999755859375,11.37
2025-10-08,SPY,26,673.1099853515625,0.6
2025-10-08,HOOD,15,150.8699951171875,4.05
2025-10-08,PATH,39,15.579999923706055,5.13
2025-10-08,NVDA,26,189.11000061035156,2.2
2025-10-08,AVGO,3,345.5,2.7
2025-10-08,SOUN,3,18.8799991607666,3.74
2025-10-08,DKNG,3,33.97999954223633,3.13
2025-10-08,SAY,1,25.399999618530273,0.0
2025-10-08,DAY,3,68.61000061035156,-0.55
2025-10-08,BITF,5,4.0,15.27
2025-10-08,YOU,9,30.309999465942383,-1.91
2025-10-08,ARE,5,75.22000122070312,-3.68
2025-10-08,ASTS,56,81.19999694824219,8.63
2025-10-08,BULL,36,12.65999984741211,-1.09
2025-10-08,HAS,1,75.56999969482422,0.99
2025-10-08,GLD,24,372.29998779296875,1.65
2025-10-08,RDDT,29,202.2899932861328,-1.76
2025-10-08,IREN,18,60.09000015258789,-2.58
2025-10-08,AMZN,14,225.22000122070312,1.55
2025-10-08,ALL,9,212.35000610351562,0.26
2025-10-08,AMPX,2,12.420000076293945,-1.97
2025-10-08,ONDS,2,11.260000228881836,1.53
2025-10-08,RZLV,4,6.239999771118164,-0.32
2025-10-08,LEE,1,5.099999904632568,0.39
2025-10-08,GOOGL,4,244.6199951171875,-0.46
2025-10-08,NTLA,2,24.469999313354492,19.72
2025-10-08,ARM,9,166.77000427246094,4.66
2025-10-08,BURU,2,0.6541000008583069,37.71
2025-10-08,AES,2,14.729999542236328,2.29
2025-10-08,NEXT,1,6.65500020980835,-10.55
2025-10-08,RKT,6,16.219999313354492,-0.37
2025-10-08,CCCX,3,19.290000915527344,5.81
2025-10-08,MSTR,1,330.79998779296875,0.73
2025-10-08,SNAP,5,8.430000305175781,3.69
2025-10-08,SRPT,2,23.3799991607666,1.12
2025-10-08,TLRY,3,1.7200000286102295,0.58
2025-10-08,PALL,1,134.27999877929688,9.21
2025-10-08,QQQ,7,611.4400024414062,1.15
2025-10-08,CFLT,3,22.299999237060547,7.57
2025-10-08,TSLA,3,438.69000244140625,1.29
2025-10-08,CIFR,9,17.600000381469727,11.75
2025-10-08,ACHR,3,12.460000038146973,-0.16
2025-10-08,APLD,11,27.940000534057617,2.34
2025-10-08,DLO,3,14.109999656677246,-0.28
2025-10-08,UAMY,3,9.520000457763672,9.43
2025-10-08,DAL,1,57.119998931884766,0.87
2025-10-08,HYPD,1,9.0600004196167,-3.1
2025-10-08,AIRS,1,8.550000190734863,6.48
2025-10-08,NBIS,4,122.0,3.65
2025-10-08,AZZ,1,,
2025-10-08,GKOS,1,87.58999633789062,4.16
2025-10-08,VKTX,1,32.369998931884766,2.65
2025-10-08,ACXP,1,8.100000381469727,88.81
2025-10-08,COST,5,914.7999877929688,0.0
2025-10-08,RKLB,18,65.30999755859375,6.18
2025-10-08,PPLT,1,152.1999969482422,2.98
2025-10-08,BACK,3,0.07109999656677246,-5.2
2025-10-08,OUT,3,17.760000228881836,0.17
2025-10-08,LOVE,2,15.329999923706055,-0.9
2025-10-08,PLTR,4,183.55999755859375,0.76
2025-10-08,RXRX,2,6.090000152587891,16.44
2025-10-08,HODL,2,34.91999816894531,1.48
2025-10-08,LINK,5,11.59000015258789,4.37
2025-10-08,PGY,2,30.219999313354492,-0.13
2025-10-08,EXP,1,238.6199951171875,2.74
2025-10-08,RSI,1,18.239999771118164,1.5
2025-10-08,PYPL,2,76.12999725341797,2.04
2025-10-08,AI,2,19.1299991607666,0.05
2025-10-08,EDIT,1,4.150000095367432,5.6
2025-10-08,DRUG,2,55.20000076293945,8.6
2025-10-08,DECK,1,101.58000183105469,3.67
2025-10-08,HIVE,1,6.539999961853027,5.48
2025-10-08,SLV,3,44.560001373291016,2.7
2025-10-08,MFA,1,9.170000076293945,2.23
2025-10-08,BTBT,1,4.039999961853027,8.02
2025-10-08,GRAB,1,6.360000133514404,1.44
2025-10-08,CRWV,5,139.97999572753906,8.65
2025-10-08,CRSP,2,76.77999877929688,8.72
2025-10-08,QUBT,2,20.81999969482422,-5.41
2025-10-08,FIG,1,71.08000183105469,16.83
2025-10-08,INTC,8,37.43000030517578,0.7
2025-10-08,WTF,2,5.760000228881836,-3.52
2025-10-08,AUR,1,5.579999923706055,3.33
2025-10-08,NIO,5,7.849999904632568,4.67
2025-10-08,GPUS,6,0.5699999928474426,-9.52
2025-10-08,VZ,1,41.31999969482422,-0.19
2025-10-08,LEO,1,6.28000020980835,0.48
2025-10-08,DNUT,1,3.490000009536743,1.75
2025-10-08,SAP,3,277.1499938964844,1.22
2025-10-08,CRM,1,240.42999267578125,0.29
2025-10-08,SNOW,2,250.2100067138672,6.56
2025-10-08,MSFT,1,524.8499755859375,0.17
2025-10-08,KSS,1,15.729999542236328,-0.82
2025-10-08,API,2,4.059999942779541,5.18
2025-10-08,MAN,1,38.84000015258789,1.25
2025-10-08,GME,1,24.40999984741211,0.25
2025-10-08,OSCR,1,21.799999237060547,-2.98
2025-10-08,ANY,2,0.9498000144958496,11.87
2025-10-08,ARR,3,15.890000343322754,1.92
2025-10-08,AKA,1,9.600000381469727,1.91
2025-10-08,DUOL,1,347.2699890136719,8.53
2025-10-08,MGM,1,32.31999969482422,-2.42
2025-10-08,ORCL,3,288.6300048828125,1.54
2025-10-08,SMCI,5,58.68000030517578,6.56
2025-10-08,SOFI,1,28.020000457763672,-0.43
2025-10-08,QCOM,3,167.77000427246094,1.4
2025-10-08,BBAI,2,7.289999961853027,-2.02
2025-10-08,MDB,1,326.7799987792969,2.61
2025-10-08,PSTG,1,93.13999938964844,5.96
2025-10-08,NTAP,1,121.81999969482422,3.25
2025-10-08,CORZ,1,17.530000686645508,2.51
2025-10-08,RGTI,2,43.22999954223633,-1.55
2025-10-08,AEHR,1,25.850000381469727,-1.15
2025-10-08,STX,1,224.35000610351562,-0.29
2025-10-08,WDC,1,121.18000030517578,1.04
2025-10-08,DJT,1,17.260000228881836,1.41
2025-10-08,NVTS,1,7.739999771118164,-0.51
2025-10-08,IBM,2,289.4599914550781,-1.5
2025-10-08,IOVA,1,2.2699999809265137,4.13
2025-10-08,FOR,2,25.899999618530273,0.43
2025-10-08,BTC,1,54.66999816894531,1.47
2025-10-08,OKLO,2,134.77000427246094,0.48
2025-10-08,LUNR,2,12.479999542236328,5.85
2025-10-08,WHEN,2,9.999999747378752e-05,-50.0
2025-10-08,REAL,1,10.489999771118164,0.96
2025-10-08,BASE,1,,
2025-10-08,LDI,15,3.1700000762939453,8.19
2025-10-08,META,1,717.8400268554688,0.67
2025-10-08,EARN,1,5.179999828338623,0.58
2025-10-08,CAN,2,1.2799999713897705,0.79
2025-10-08,NOW,3,914.3200073242188,1.11
2025-10-08,PDT,2,13.369999885559082,0.15
2025-10-08,CME,3,264.94000244140625,0.51
2025-10-08,EOD,1,5.769999980926514,-0.17
2025-10-08,RUN,1,19.399999618530273,-0.31
2025-10-08,IRS,1,11.34000015258789,-0.18
2025-10-08,FACT,1,,
2025-10-08,TRUE,1,1.600000023841858,1.91
2025-10-08,GOOG,1,245.4600067138672,-0.68
2025-10-08,BEAM,1,27.0,7.44
2025-10-08,IMA,1,8.270000457763672,-0.84
2025-10-08,IBKR,1,72.05000305175781,3.89
2025-10-08,TMC,2,9.119999885559082,-1.72
2025-10-08,ABAT,1,5.980000019073486,7.55
2025-10-08,UUUU,2,18.0,2.33
2025-10-08,USAR,1,27.020000457763672,-4.42
2025-10-08,RBRK,1,84.25,5.97
2025-10-08,RR,1,6.809999942779541,-3.54
2025-10-08,SERV,1,13.744999885559082,-3.41
2025-10-08,ADP,1,290.70001220703125,-0.76
2025-10-08,BROS,1,47.93000030517578,0.57
2025-10-08,MSCI,1,566.9400024414062,-0.38
2025-10-08,NICE,3,138.1999969482422,2.26
2025-10-08,KOPN,1,3.559999942779541,4.4
2025-10-08,TBH,1,2.130000114440918,3.9
2025-10-08,NGL,1,6.130000114440918,0.33
2025-10-08,WOW,2,5.150000095367432,0.19
